Klinikname	Kontakt	Bundesland	ICU low care¹	ICU high care²	ECMO³	Stand
Johanniter-Krankenhaus Geesthacht	Interdisziplinäre Intensivstation	SH	green	yellow	unavailable	2020-03-23 00:00:00
Kreisklinken Darmstadt-Dieburg Standort Groß-Umstadt	interdiziplinäre Intensivstation	HE	green	green	unavailable	2020-03-23 00:00:00
Bundeswehrkrankenhaus Ulm - Klinik für Anästhesie u. Intensivmedizin	Intensiv Süd und Intensiv Ost	BW	green	green	unavailable	2020-03-23 00:00:00
Helios-Klinik Rottweil	Intensivstation	BW	green	green	unavailable	2020-03-23 00:00:00
Klinikum Fürth		0	green	green	unavailable	2020-03-23 00:00:00
Rotkreuzklinikum München		BY	green	yellow	unavailable	2020-03-23 00:00:00
St. Marien-Hospital Hmm gmbH	K, 11	NRW	yellow	yellow	unavailable	2020-03-23 00:00:00
Ketteler Krankenhaus Offenbach		HE	yellow	yellow	unavailable	2020-03-23 00:00:00
Deutsches Herzzentrum Berlin	IPS - K	BE	red	red	yellow	2020-03-23 00:00:00
St. Remigius-Krankenhaus Opladen	Intensivstation	NRW	yellow	yellow	unavailable	2020-03-23 00:00:00
Kreiskrankenhaus Osterholz-Scharmbeck	interdisziplinäre Intensivstation	NI	red	red	unavailable	2020-03-23 00:00:00
Berufsgenossenschaftliche Unfallklinik Frankfurt am Main gGmbH	Intensivstation	HE	green	green	unavailable	2020-03-23 00:00:00
Elbe Klinikum Buxtehude		NI	green	green	unavailable	2020-03-23 00:00:00
Isar-Amper-Klinikum München -Ost, Klinik für Neurolgie		BY	green	green	unavailable	2020-03-23 00:00:00
Bürgerhospital Frankfurt am Main	ITS	HE	red	yellow	unavailable	2020-03-23 00:00:00
GRN Klinik Sinsheim	Intensivstation	BW	yellow	green	unavailable	2020-03-23 00:00:00
Gemeinschaftsklinikum Mittelrhein, Kinder- und Jugendmedizin, Kemperhof	Neonatologisch-pädiatrische Intensivstation	RP	green	green	unavailable	2020-03-23 00:00:00
Waldklinik Jesteburg Aldag GmbH & Co. KG	Station A	NI	yellow	red	red	2020-03-23 00:00:00
Marienhausklinik Ottweiler		SL	green	yellow	unavailable	2020-03-23 00:00:00
Schön Klinik Hamburg Eilbek	Station 7A	HH	green	green	unavailable	2020-03-23 00:00:00
BG-Klinikum-Duisburg	Intensivstation	NRW	green	green	unavailable	2020-03-23 00:00:00
KKB / St. Josef Hospital Bochum, Klinikum der Ruhr-Universität-Bochum	Konservative ITS	NRW	red	green	unavailable	2020-03-23 00:00:00
Immanuel Klinik Rüdersdorf	Intensivstation	BB	green	green	unavailable	2020-03-23 00:00:00
St. Martinus Hospital Olpe	4C - Intensiv	NRW	green	green	unavailable	2020-03-23 00:00:00
Klinikum Görlitz g Gmbh	IMZ	SN	yellow	yellow	unavailable	2020-03-23 00:00:00
Krankenhaus Sachsenhausen		MV	green	green	unavailable	2020-03-23 00:00:00
Asklepios Klinik Barmbek Hamburg	Intensiv B akut&weaning	HH	green	green	unavailable	2020-03-23 00:00:00
Josephs Hospital	Intensivstation	NRW	green	green	unavailable	2020-03-23 00:00:00
KKH Delitzsch GmbH, Klinik Eilenburg	ITS	SN	green	yellow	unavailable	2020-03-23 00:00:00
Sankt Vincentius  Krankenhaus Speyer		RP	green	green	unavailable	2020-03-23 00:00:00
Sankt Josef Hospital Xanten	Intensivstation	NRW	green	green	unavailable	2020-03-23 00:00:00
Vitos Weil-Lahn gGmbH (Weilmünster)	Intensivstation	HE	green	green	unavailable	2020-03-23 00:00:00
Malteser Krankenhaus St.Anna	1C	NRW	yellow	green	red	2020-03-23 00:00:00
Marienhospital Gelsenkirchen (MHG)	INI/OPI	NRW	green	green	unavailable	2020-03-23 00:00:00
Krankenhaus Märkisch-Oderland GmbH	Intensivstation (800)	BB	green	green	unavailable	2020-03-23 00:00:00
Universitätsklnikum des Saarlandes	Intensivstation IOI	SL	yellow	yellow	green	2020-03-23 00:00:00
Werner-Wicker-Klinik	Intensivstation A4	HE	green	green	unavailable	2020-03-23 00:00:00
Lungenfachklinik Immenhausen		HE	green	green	unavailable	2020-03-23 00:00:00
Sana Klinik Bad Wildbad		BW	green	green	unavailable	2020-03-23 00:00:00
Universitätsmedizin Greifswald	ITS1 / ITS2 / ITS3	MV	green	green	green	2020-03-23 00:00:00
Bethlehem Gesundheitszentrum Stolberg	B1	NRW	green	green	unavailable	2020-03-23 00:00:00
Bodden-Kliniken Ribnitz-Damgarten	ITS/IMC	MV	green	green	unavailable	2020-03-23 00:00:00
Vivantes Klinikum am Urban (KAU)		BE	green	green	unavailable	2020-03-23 00:00:00
Borromäus-Hospital Leer	Intensivstation	NI	green	green	unavailable	2020-03-23 00:00:00
Kreiskrankenhaus Wolgast gGmbH	ITS	MV	yellow	yellow	unavailable	2020-03-23 00:00:00
Klinikum Traunstein	Medizinische Intensivstation	BY	green	green	green	2020-03-23 00:00:00
Sana Kliniken Duisburg	A13/A11	NRW	yellow	green	unavailable	2020-03-23 00:00:00
Frauen- und Kinderklinik St. Louise Paderborn	Kinderintensivstation K4	NRW	green	green	unavailable	2020-03-23 00:00:00
St. Vinzenz Hospital Rheda-Wiedenbrück	Intensivstation	NRW	green	green	unavailable	2020-03-23 00:00:00
Passauer Wolf Rehazentrum Bad Griesbach	Station 1	BY	green	green	unavailable	2020-03-23 00:00:00
Rheinland Klinikum Dormagen GmbH	ITV	NRW	green	green	unavailable	2020-03-23 00:00:00
HELIOS Park-Klinikum Leipzig	ITS (1H)	SN	green	green	unavailable	2020-03-23 00:00:00
Sana Klinik Bethesda Stuttgart		BW	green	yellow	unavailable	2020-03-23 00:00:00
St. Marien-Hospital	Intensiv- und Weaningstation	NRW	green	green	unavailable	2020-03-23 00:00:00
St. Marien-Hospital Mülheim an der Ruhr	Interdisziplinäre Intensivstation	NRW	green	green	unavailable	2020-03-23 00:00:00
Krankenhaus Saarlouis vom DRK	Intensivabteilung	SL	green	green	unavailable	2020-03-23 00:00:00
Klinikum Links der Weser	Intensivstation	HB	green	green	yellow	2020-03-23 00:00:00
Klinikum Oberlausitzer Bergland Ebersbach	Intensivstation	SN	green	green	unavailable	2020-03-23 00:00:00
Carl-Thiem-Klinikum Cottbus	Intensivstation	BB	green	green	green	2020-03-23 00:00:00
St. Augustinus- Krankenhaus Düren	interdisziplinäre Intensivstation	NRW	green	green	unavailable	2020-03-23 00:00:00
St. Vinzenz-Krankenhaus Hanau gGmbH	Interdisziplinäre Intensivstation	HE	green	green	unavailable	2020-03-23 00:00:00
Altmark-Klinikum Krankenhaus Salzwedel gGmbH	Intensivstation	ST	red	yellow	unavailable	2020-03-23 00:00:00
Krankenhaus Hardheim		BW	green	yellow	unavailable	2020-03-23 00:00:00
Elisabethen Klinikum OSK	C11-C22	BW	green	green	unavailable	2020-03-23 00:00:00
Waldburg-Zeil Akutkliniken GmbH & Co. KG - Fachkliniken Wangen	Pneumologie	BW	green	green	unavailable	2020-03-23 00:00:00
Krankenhaus Porz am Rhein (Köln)	Interdisziplinäre Intensivstation	NRW	green	green	unavailable	2020-03-23 00:00:00
Waldkliniken Eisnebrg/Thüringen	Intensivstation	TH	yellow	green	unavailable	2020-03-23 00:00:00
Kreiskrankenhaus Frankenberg gGmbH		0	green	green	unavailable	2020-03-23 00:00:00
Klinikum Herford	Intensivstation 1	NRW	green	green	green	2020-03-23 00:00:00
Helios Mariahilf Hamburg	Erwachsenen- und Kinerintensivstation	HH	green	green	unavailable	2020-03-23 00:00:00
St. Anna-Virngrund-Klinik	Intensivstation	BW	green	red	unavailable	2020-03-23 00:00:00
Johanniter-Krankenhaus Treuenbrietzen	9/ITS	BB	yellow	green	unavailable	2020-03-23 00:00:00
St. Josef Krakennhaus Herrmeskeil	Interdisziplinäre Intensivstaion	RP	green	green	unavailable	2020-03-23 00:00:00
Schön Klinik Nürnberg Fürth	interdisziplinäre Intensivstation	BY	green	green	unavailable	2020-03-23 00:00:00
Klinikum Bad Bramstedt	IMC A1	SH	green	red	unavailable	2020-03-23 00:00:00
Deister-Süntel-Klinik Bad Münder	Intensivatation	NI	green	green	unavailable	2020-03-23 00:00:00
Dill-Kliniken Dillenburg (Lahn-Dill-Kliniken)	Interdisziplinäre Intensivstation	HE	yellow	green	unavailable	2020-03-23 00:00:00
Klinikum der Stadt Ludwigshafen	Intensivstationen	RP	green	green	yellow	2020-03-23 00:00:00
Krankenhaus Neuwerk	Intensivstation	NRW	green	green	unavailable	2020-03-23 00:00:00
RKK-Lorreto Krankenhaus Freiburg	Intensivstation	BW	green	green	unavailable	2020-03-23 00:00:00
OsteMed Kliniken und Pflege GmbH	Intensiv	NI	green	green	unavailable	2020-03-23 00:00:00
Kinderkrankenhaus Amsterdamer Strasse	Interdiziplinäre Pädiatrische Intensivstation	NRW	green	green	unavailable	2020-03-23 00:00:00
Johanna Etienne Krankenhaus		NRW	green	green	unavailable	2020-03-23 00:00:00
St. Johannes Stift	Intensivstation	NRW	green	green	unavailable	2020-03-23 00:00:00
St. Marienkrankenhaus Ludwigshafen	C1/C2	RP	green	green	unavailable	2020-03-23 00:00:00
Herzogin Elisabeth Hospital	ITS	NI	green	green	unavailable	2020-03-23 00:00:00
St. Rochus - Hospital	Intensiv	NRW	green	green	unavailable	2020-03-23 00:00:00
Helios Klinik Zerbst/Anhalt	IMC	ST	green	green	unavailable	2020-03-23 00:00:00
Universitätsmedizin Mainz	Insgesamt 6 Intensivstationen	RP	green	green	green	2020-03-23 00:00:00
Klinik für Pädiatrische Intensivmedizin	4028	HB	green	yellow	green	2020-03-23 00:00:00
DRK Krankenhaus Altenkirchen-Hachenburg (HB)	Intensivstation	RP	green	green	unavailable	2020-03-23 00:00:00
Hospital zum Heiligen Geist Kempen	Intensivstation	NRW	green	green	unavailable	2020-03-23 00:00:00
Sophien- und Hufeland-Klinikum Weimar gGmbH	Intensivstation	TH	green	green	unavailable	2020-03-23 00:00:00
Sankt Katharinen-Krankenhaus	Intensivstation 1A	HE	green	green	unavailable	2020-03-23 00:00:00
Wilhelmsburger Krankenhaus Groß-Sand	Intensivstation	HH	green	green	unavailable	2020-03-23 00:00:00
Westpfalz-Klinikum GmbH		RP	green	green	yellow	2020-03-23 00:00:00
Jüdisches Krankenhaus Berlin	Intensivstation	BE	green	green	unavailable	2020-03-22 00:00:00
St. Nikolas Stiftshostpital Andernach	interdisziplinäre Intensivstation	RP	green	green	unavailable	2020-03-22 00:00:00
Klinikum Weilheim	7	BY	green	green	unavailable	2020-03-23 00:00:00
Charité - Universitätsmedizin Berlin, Campus Mitte	103i	BE	green	green	green	2020-03-22 00:00:00
St. Franziskus-Hospital Münster	Intensivstationen 19 und 22	NRW	green	green	green	2020-03-23 00:00:00
Malteser Krankenhaus St. Hildegardis	Interdisziplinäre Intensivstation	NRW	green	green	unavailable	2020-03-22 00:00:00
Klinikum Karlsburg	Intensivtherapiestation	MV	green	green	green	2020-03-22 00:00:00
Herz- und Gefäßzentrum Bad Bevensen	Interdisziplinäre Intensivstation	NI	green	green	green	2020-03-23 00:00:00
Ev. Diakonissenkrankenhaus Leipzig	Intensivstation	SN	green	green	unavailable	2020-03-23 00:00:00
Karl-Olga-Krankenhaus Stuttgart	A5	BW	red	yellow	unavailable	2020-03-21 00:00:00
Deutsches Herzzentrum Berlin	Kardiochirurgische Intensivmedizin	BE	red	yellow	yellow	2020-03-21 00:00:00
Klinik Schillerhöhe Robert-Bosch-Krankenhaus	Intensiv	BW	green	green	green	2020-03-21 00:00:00
Sana Klinik Oldenburg in Holstein	Intensivstation	SH	green	green	unavailable	2020-03-21 00:00:00
Diakoneo Klinik Hallerwiese - Cnopfsche Kinderklinik Nürnberg	Intensivstation	BY	green	green	unavailable	2020-03-23 00:00:00
Klinik Neustadt an der Aisch	Intensivstation	BY	green	green	unavailable	2020-03-21 00:00:00
KMG Klinikum Pritzwalk	Intensivtation	BB	green	green	unavailable	2020-03-23 00:00:00
Kliniken des Landkreises Neumarkt i.d.OPf. / Klinikum Neumarkt	Intensivstation 1A	BY	red	green	unavailable	2020-03-23 00:00:00
Helios St. Marienberg Klinik Helmstedt	11/12	NI	green	green	unavailable	2020-03-23 00:00:00
Helios Klinikum München West	2A ICU	BY	red	green	unavailable	2020-03-21 00:00:00
Asklepiosklinik Melsungen		HE	green	green	unavailable	2020-03-23 00:00:00
St. Elisabeth Krankenhaus Jülich	Interdisziplinäre Intensivstation	NRW	yellow	yellow	unavailable	2020-03-22 00:00:00
Helios St. Marienberg Klinik Helmstedt	ITS / Covid19	NI	green	green	unavailable	2020-03-21 00:00:00
Klinikum Christophsbad Göppingen	NE 1	BW	green	red	unavailable	2020-03-21 00:00:00
Krankenhaus Düren gGmbH	1b und 2C	NRW	green	green	unavailable	2020-03-23 00:00:00
Asklepios Klinikum Schwalmstadt	Intensivstation	HE	green	green	unavailable	2020-03-23 00:00:00
Heinrich-Braun-Klinikum Zwickau gGmbH, Intensivbereiche	Intensivbereiche	SN	yellow	yellow	yellow	2020-03-21 00:00:00
Westküstenklinikum Heide	Interdisziplinäre Intensivstation	SH	red	green	yellow	2020-03-21 00:00:00
DRK Krankenhaus Altenkirchen	Intensiv	RP	green	yellow	unavailable	2020-03-22 00:00:00
St. Elisabeth-Hospital Beckum	Intensivstation	NRW	green	green	unavailable	2020-03-23 00:00:00
Klinikum Mittleres Erzgebirge	ITS/IMC	SN	green	yellow	unavailable	2020-03-21 00:00:00
Charité, Campus Virchow-Klinikum , Chirurgische Klinik, ITS 21i Schwerpunkt Transplantation	21i	BE	yellow	yellow	unavailable	2020-03-23 00:00:00
Evang. Amalie Sieveking Krankenhaus	Intensiv	HH	green	green	unavailable	2020-03-23 00:00:00
Städtsiches Krankenhaus Nettetal GmbH	Intensiv	NRW	yellow	green	unavailable	2020-03-23 00:00:00
Darmstädter Kinderkliniken Prinzessin Margaret	Station D	HE	green	green	unavailable	2020-03-21 00:00:00
Universitätsklinikum Frankfurt am Main	C1, anästh.-operative Intensivstation	HE	green	green	green	2020-03-22 00:00:00
Antonius Krankenhaus Köln	Intenisvstation	NRW	yellow	green	unavailable	2020-03-23 00:00:00
Sana Kliniken Ostholstein GmbH - Klinik Eutin	interdisziplinäre Intensivstation	SH	green	green	unavailable	2020-03-21 00:00:00
AGAPLESION Ev. Krankenhaus Mittelhessen		HE	green	green	green	2020-03-23 00:00:00
Städtische Kliniken Mönchengladbach	Interdisziplinäre Intensivstation	NRW	green	green	unavailable	2020-03-22 00:00:00
Helios Klinik Blankenhain	Intensivstation	TH	green	green	unavailable	2020-03-22 00:00:00
Kreisklinik Bogen	2.2	BY	green	green	unavailable	2020-03-21 00:00:00
Helios Klinik Wipperfürth	1C Intensivstation	NRW	green	green	unavailable	2020-03-23 00:00:00
Klinikum Bielefeld gGmbH	KAINS - Intensivkoordination	NRW	red	green	yellow	2020-03-22 00:00:00
St. Elisabeth Hospital Iserlohn	Intensivstation	NRW	green	green	unavailable	2020-03-20 00:00:00
Klinik Kitzinger Land	Interdisziplinäre Intensivstation	BY	yellow	green	unavailable	2020-03-23 00:00:00
Asklepios Klinik Seligenstadt	Intensivstation	HE	yellow	red	unavailable	2020-03-20 00:00:00
OSK Westallgäuklinikum Wangen	Interdisziplinäre Intensivstation	BW	yellow	green	unavailable	2020-03-23 00:00:00
Bethanien Krankenhaus Solingen	Intensivstation	NRW	green	green	green	2020-03-20 00:00:00
Kreiskliniken Darmstadt-Dieburg Standort Jugenheim	Intensivstation	HE	green	green	unavailable	2020-03-22 00:00:00
St. Willibrord-Spital Emmerich-Rees	Intensivstation	NRW	green	green	unavailable	2020-03-23 00:00:00
Euregio-Klinik Albert-Schweitzer-Straße	Interdisziplinäre Intensivstation	NI	green	green	unavailable	2020-03-23 00:00:00
St.- Elisabeth Krankenhaus Dorsten	Intensivstation	NRW	green	red	unavailable	2020-03-23 00:00:00
Helios Klinikum Krefeld	B1A1/B1C1/B1A2/B1B2/A2A1/A1A1-D	NRW	green	green	green	2020-03-23 00:00:00
Evangelisches Klinikum Bethel, Bethel	M1, M10, K1, K2, AN-01, AN-02	NRW	green	green	unavailable	2020-03-23 00:00:00
Klinik Neustadt a. d. Aisch	Intensivstation	BY	yellow	green	unavailable	2020-03-23 00:00:00
Helios Klinikum Niederberg	Intensivstation Station 14	NRW	green	yellow	unavailable	2020-03-23 00:00:00
medius KLINIKEN KIRCHHEIM|NÜRTINGEN		BW	yellow	green	unavailable	2020-03-23 00:00:00
Paracelsus-Klinik Zwickau	ITS	SN	yellow	yellow	unavailable	2020-03-23 00:00:00
medius KLINIK OSTFILDERN-RUIT		BW	yellow	yellow	unavailable	2020-03-23 00:00:00
Robert-Bosch Krankenhaus	Innere Intensivstation 1D	BW	green	green	yellow	2020-03-20 00:00:00
Vivantes Humboldt-Klinikum	19	BE	green	green	unavailable	2020-03-23 00:00:00
Oberschwabenklinik Bad Waldsee	ITS	BW	green	red	unavailable	2020-03-23 00:00:00
Allgemeines Krankenhaus Celle	M0	NI	green	green	unavailable	2020-03-20 00:00:00
Charité CVK Kinderklinik (OHC) - interdisziplinäre Kinderintensivstation	Station 25i	BE	green	yellow	unavailable	2020-03-23 00:00:00
Caritaskrankenhaus Bad Mergentheim	Z1/ Z2	BW	green	green	unavailable	2020-03-20 00:00:00
AK Nord, Hamburg, Pädiatrische Intensivstation	Pädiatrische Intensivstation H71B	HH	green	green	unavailable	2020-03-20 00:00:00
Klinikum Kempten, Klinikverbund Allgäu	Interdisziplinäre Intensivstation D01	BY	yellow	green	unavailable	2020-03-22 00:00:00
MediClin Herzzentrum Coswig	ITS/IMC	ST	green	green	green	2020-03-20 00:00:00
SLK-Klinikum am Gesundbrunnen Heilbronn		BW	green	green	green	2020-03-23 00:00:00
MEDICLIN Müritz-Klinikum	ITS	MV	green	green	unavailable	2020-03-22 00:00:00
Asklepios Klinik Oberviechtach	IMC	BY	green	red	unavailable	2020-03-22 00:00:00
Charité Universitätsmedizin Medizinische Klinik für Kardiologie CBF	s32a	BE	green	yellow	green	2020-03-22 00:00:00
Klinikum Itzehoe	19, 10, 01	SH	green	green	unavailable	2020-03-23 00:00:00
ALB FILS KLINIKEN, Standort: Klinik am Eichert	Zentrum für Intensivmedizin	BW	green	green	unavailable	2020-03-23 00:00:00
Universitätsklinikum Marburg UKGM	Intensivstation 2a/b	HE	green	green	green	2020-03-23 00:00:00
St. Vinzenz-Krankenhaus	Intensivstation, interdisziplinär	NRW	green	green	unavailable	2020-03-20 00:00:00
Israelitisches Krankenhaus	Intensivstation	HH	green	green	unavailable	2020-03-20 00:00:00
Evangelisches Klinikum Bethel, Johannesstift		NRW	yellow	green	unavailable	2020-03-23 00:00:00
AMEOS Klinikum Schönebeck	Innere ITS	ST	green	green	unavailable	2020-03-23 00:00:00
REGIOMED Klinikum Coburg	41/42	BY	green	green	yellow	2020-03-23 00:00:00
Malteser Krankenhaus St. Carolus	Intensivstation	SN	green	green	unavailable	2020-03-23 00:00:00
Helios Klinikum Hildesheim internistische Intensiv	B2 Intensiv	NI	red	green	unavailable	2020-03-23 00:00:00
St. Josef Hospital Med. Klinik I (Kardiologie-Intensivmedizin)	Kardiologie - Intensivstation	NRW	green	green	unavailable	2020-03-23 00:00:00
Klinikum Worms	Interdisziplinäre Intensivstationen	RP	green	green	unavailable	2020-03-23 00:00:00
Drk Kliniken Berlin Westend	Intensivstation	BE	green	green	unavailable	2020-03-23 00:00:00
Asklepios Paulinen Klinik Wiesbaden	Intensivstation	HE	green	green	unavailable	2020-03-20 00:00:00
Kinderklinik und Kinderpoliklinik im Dr. von Haunerschen Kinderspital der LMU München	Interdisziplinäre Kinderintensivstation	BY	green	green	unavailable	2020-03-20 00:00:00
Kreiskrankenhaus Prenzlau	ITS	BB	green	yellow	unavailable	2020-03-21 00:00:00
Marien-Hospital	Interdisziplinäre Intensivstation	NRW	green	green	unavailable	2020-03-23 00:00:00
Klinikum am Steinenberg	D5i	BW	green	green	green	2020-03-23 00:00:00
Herz jesu Krankenhaus Münster-Hiltrup	Intensivstation 1b	NRW	green	green	unavailable	2020-03-23 00:00:00
Evangelisches Stadtkrankenhaus Saarbrücken	Interdisziplinäre Intensivstation	SL	green	green	unavailable	2020-03-20 00:00:00
Filderklinik	Intensiv	BW	green	green	unavailable	2020-03-23 00:00:00
Asklepios Südpfalzklinik Germersheim	Intensivstation	RP	green	green	unavailable	2020-03-20 00:00:00
Heilig Geist-Krankenhaus	interdisziplinäre Intensivstation	NRW	yellow	yellow	unavailable	2020-03-21 00:00:00
Altonaer Kinderkrankenhaus	Kinderintensivstation	HH	green	green	unavailable	2020-03-23 00:00:00
Sana HANSE-Klinikum Wismar GmbH	C2	MV	green	green	unavailable	2020-03-23 00:00:00
Asklepios Stadtklinik Bad Wildungen	Intensivstation	HE	red	green	unavailable	2020-03-23 00:00:00
Klinikum Ernst von Bergmann Potsdam		BB	red	green	unavailable	2020-03-23 00:00:00
MEDIAN Klinik NRZ Magdeburg		ST	red	red	unavailable	2020-03-20 00:00:00
Klinikum Westfalen - Knappschaftskrankenhaus Dortmund	Zentrum Interdisziplinäre Intensivmedizin	NRW	yellow	green	green	2020-03-23 00:00:00
Evangelische Lungenklinik Berlin	Intensivstation 1	BE	green	green	unavailable	2020-03-23 00:00:00
COLLM KLINIK OSCHATZ	Intensivstation	SN	red	green	unavailable	2020-03-23 00:00:00
Herzzentrum Leipzig		SN	green	green	green	2020-03-22 00:00:00
KMG Klinikum Kyritz	ITS / IMC	BB	yellow	green	unavailable	2020-03-23 00:00:00
Carl-von-Basedow-Klinikum		ST	green	green	green	2020-03-23 00:00:00
Evangelisches Krankenhaus Lippstadt gGmbH	ITS	NRW	green	green	unavailable	2020-03-20 00:00:00
Diakomed - Diakoniekrankenhaus Chemnitzer Land gGmbH	Interdisziplinäre Intensivtherapiestation	SN	green	green	unavailable	2020-03-23 00:00:00
Krankenhaus Barmherzige Brüder Regensburg	IVK	BY	green	green	green	2020-03-22 00:00:00
Hochwaldkrankenhaus Bad Nauheim	interdisziplinäre Intensivstation	HE	yellow	red	unavailable	2020-03-20 00:00:00
St. Marien-Krankenhaus Siegen GmbH	A0	NRW	yellow	green	unavailable	2020-03-23 00:00:00
Fachkrankenhaus Hubertusburg gGmbH	Neurologische Intensivstation	SN	yellow	green	unavailable	2020-03-23 00:00:00
Asklepios Orthopädische Klinik Hohwald	IMC	SN	green	green	unavailable	2020-03-20 00:00:00
Pleissentalklinik Werdau	11	SN	green	green	unavailable	2020-03-23 00:00:00
Asklepios Klinik Nord	Intensivstation	HH	red	yellow	green	2020-03-23 00:00:00
Asklepios Klinik Pasewalk	Intensivstation	MV	green	green	unavailable	2020-03-20 00:00:00
Kreiskrankenhaus Prignitz	ITS	BB	green	yellow	unavailable	2020-03-21 00:00:00
SRH Klinikum Karlsbad-Langensteinbach GmbH		BW	green	green	unavailable	2020-03-23 00:00:00
Sächsische Schweiz Klinik Sebnitz	Interdisziplinäre Intensivstation	SN	yellow	green	unavailable	2020-03-23 00:00:00
Kreiskliniken Günzburg-Krumbach, Klinik Günzburg	GS8 Intensiv	BY	green	green	unavailable	2020-03-21 00:00:00
Vivantes Klinikum Spandau (KSP)		BE	green	green	unavailable	2020-03-23 00:00:00
Vivantes Friedrichshain		BE	green	green	green	2020-03-22 00:00:00
Leopoldina Krankenhaus Schweinfurt	Intensivstationen	BY	green	green	unavailable	2020-03-23 00:00:00
Vivantes Humboldt-Klinikum (HUK)		BE	green	green	unavailable	2020-03-23 00:00:00
Knappschaftskrankenhaus Recklinghausen	Intensivstation	NRW	green	green	unavailable	2020-03-20 00:00:00
Caritas-Klinik Dominikus Berlin-Reinickendorf	Interdiziplinäre Intensivstation	BE	green	green	unavailable	2020-03-23 00:00:00
Vivantes Auguste-Viktoria-Klinikum (AVK)		BE	green	green	unavailable	2020-03-23 00:00:00
Klinikum Mittelmosel Zell	Intensivstation	RP	green	yellow	unavailable	2020-03-20 00:00:00
Paracelsus-Klinik Marl	Intensivstation	NRW	green	green	unavailable	2020-03-20 00:00:00
Mariannen-Hospital Werl	Intensiv	NRW	green	green	unavailable	2020-03-23 00:00:00
SRH Waldklinikum Gera	Interdisziplinäre Intensivstation	TH	yellow	yellow	unavailable	2020-03-20 00:00:00
KKH Demmin	ITS	MV	green	yellow	unavailable	2020-03-22 00:00:00
Ev. Krankenhaus Göttingen Weende	Interdisziplinäre Intensivstation	NI	green	green	unavailable	2020-03-23 00:00:00
Städt. Klinikum Lüneburg gGmbH		NI	green	green	unavailable	2020-03-23 00:00:00
Marienhausklinikum Eifel, Standort Bitburg	6	RP	green	green	unavailable	2020-03-20 00:00:00
Klinikum Dahme Spreewald GmbH, Spreewaldklinik Lübben	ITS	BB	red	yellow	unavailable	2020-03-23 00:00:00
Krankenhaus vom Roten Kreuz Bad Cannstatt GmbH	Internistische Intensivstation	BW	red	red	unavailable	2020-03-23 00:00:00
St. Josefs-Krankenhaus Potsdam-Sanssouci	Interdisziplinäre Intensivstation	BB	green	green	unavailable	2020-03-23 00:00:00
Asklepios Südpfalzklinik Kandel	Intensiv/IMC	RP	green	green	unavailable	2020-03-23 00:00:00
St. Franziskus-Hospital Lohne	10	NI	green	green	unavailable	2020-03-23 00:00:00
radprax Krankenhaus Plettenberg	5	NRW	green	green	unavailable	2020-03-20 00:00:00
Krankenhaus St. Josef  Schweinfurt	Interdisziplinäre Intensivstation	BY	green	green	unavailable	2020-03-23 00:00:00
Kardinal v. Galen Klinik, St. Elisabeth Damme	ICU	NI	green	green	unavailable	2020-03-20 00:00:00
KJF Klinik St. Elisabeth	interdisziplinäre Intensivstation	BY	green	green	unavailable	2020-03-23 00:00:00
Schön Klinik Neustadt		SH	green	green	unavailable	2020-03-23 00:00:00
Klinikum Passau, Klinik für Anästhesiologie und operative Intensivmedizin	Intensivstationen 24 und 24a	BY	green	yellow	yellow	2020-03-23 00:00:00
Universitätsklinikum Leipzig, Kinderklinik	Interdisziplinäre Kinderintensivstation	SN	green	green	unavailable	2020-03-20 00:00:00
Helios Park-Klinikum Leipzig		SN	green	yellow	unavailable	2020-03-23 00:00:00
Maria-Theresia-Klinik	Station 3	BY	green	green	unavailable	2020-03-20 00:00:00
Kreiskrankenhaus Bergstraße	Interdisziplinäre Intensivstation	HE	yellow	yellow	unavailable	2020-03-20 00:00:00
Klinikum Landau-Südliche Weinstraße GmbH, Standort Landau	Intensivstation	RP	green	yellow	unavailable	2020-03-20 00:00:00
Marienhospital Wesel	Interdisziplinäre Intensivstation	NRW	green	green	unavailable	2020-03-23 00:00:00
Krankenhaus Waldfriede	Interdisziplinäre Intensivstation	BE	green	green	unavailable	2020-03-23 00:00:00
Klinik Amsee GmbH		MV	green	green	unavailable	2020-03-23 00:00:00
Park-Klinik Weissensee	Intensivstation	BE	green	green	unavailable	2020-03-23 00:00:00
Evangelische Krankenhaus (EvK) Herne-Mitte	Intensivstation	NRW	green	red	unavailable	2020-03-23 00:00:00
Klinikum Altenburger Land	25	TH	green	green	unavailable	2020-03-23 00:00:00
Heliosklinikum Warburg	Intensivstation/IMC	NRW	green	green	unavailable	2020-03-23 00:00:00
Klinikum St. Georg Leipzig gGmbH		SN	red	yellow	unavailable	2020-03-20 00:00:00
Klinikum Barnim GmbH, Werner Forßmann Krankenhaus Eberswalde	Intensivstation 1; Intermediate Care Station 14	BB	green	green	red	2020-03-20 00:00:00
Kliniken Erlabrunn gGmbH	Interdisziplinäre ITS/IMC/Stroke Unit	SN	green	yellow	unavailable	2020-03-20 00:00:00
Asklepios Klinik Parchim	Station 5  - ITS -	MV	green	green	red	2020-03-20 00:00:00
Asklepios Westklinikum, Hamburg Rissen	Intensivstation	HH	yellow	yellow	red	2020-03-20 00:00:00
St. Ansgar Krankenhaus Höxter (Klinikverbund KHWE)		NRW	green	green	green	2020-03-20 00:00:00
Katharinen-Hospital Unna	1a	NRW	green	green	unavailable	2020-03-23 00:00:00
Regio Kliniken Kreis Pinneberg Standort Elmshorn	3 F	SH	yellow	green	unavailable	2020-03-23 00:00:00
BG Klinikum Bergmannstrost Halle	Interdisziplinäre Intensivstationen	ST	green	green	unavailable	2020-03-23 00:00:00
Universitätsklinikum Augsburg	Corona-ICU	BY	green	green	green	2020-03-23 00:00:00
Klinik Preetz	ITS Stat. 2	SH	green	green	red	2020-03-23 00:00:00
St. Marienwörth	Intensiv	RP	green	green	red	2020-03-23 00:00:00
SANA Kliniken Sommerfeld	IMC	BB	red	red	red	2020-03-20 00:00:00
Krankenhaus Martha-Maria Halle-Dölau	Interdisziplinäre Intensivstation	ST	yellow	green	red	2020-03-20 00:00:00
Ev. Krankenhaus Wesel	IBS	NRW	yellow	green	unavailable	2020-03-21 00:00:00
Rottal-Inn Kliniken KU - Eggenfelden	Intensivstation	BY	red	red	unavailable	2020-03-23 00:00:00
Charité,  Chirurgische Klinik, Campus Virchow-Klinikum	Chirurgische Intensivstation 9i	BE	green	green	unavailable	2020-03-23 00:00:00
Friedrich-Ebert-Krankenhaus Neumünster	59	SH	green	green	unavailable	2020-03-22 00:00:00
EvangelischeElisabeth Klinik Berlin	Intensivstation 7	BE	yellow	yellow	unavailable	2020-03-22 00:00:00
St. Josef-Krankenhaus Engelskirchen	Intensivstation	NRW	green	yellow	unavailable	2020-03-23 00:00:00
Asklepios Klinikum Hamburg-Harburg	Interdisziplinäre Intensivstation 11	HH	green	green	green	2020-03-19 00:00:00
St. Elisabeth & St. Barbara Krankenhaus	ITS 1	ST	green	green	unavailable	2020-03-23 00:00:00
Sana Klinikum Remscheid	Interdisziplinäre Intensivstation	NRW	green	green	unavailable	2020-03-23 00:00:00
Städtisches Klinikum Brandenburg GmbH Hochschulklinikum der MHB	ITS 1+2	BB	green	green	unavailable	2020-03-23 00:00:00
Rhön Klinikum Campus Bad Neustadt	Intensivstation	BY	green	green	green	2020-03-23 00:00:00
St. Joseph Krankenhaus	Station 28	BE	green	green	unavailable	2020-03-23 00:00:00
Klinikum Dahme Spreewald GmbH, Achenbach Krankenhaus	ITS	BB	yellow	green	unavailable	2020-03-23 00:00:00
Klinikverbund St. Antonius und St. Josef GmbH		NRW	green	green	red	2020-03-23 00:00:00
Sana-Herzzentrum Cottbus GmBh	Intensivstation	BB	red	green	green	2020-03-23 00:00:00
Alb Donau Klinikum- Standort Ehingen	Intensivstation	BW	green	green	red	2020-03-19 00:00:00
Universität Magdeburg, Klinik für Kardiologie und Angiologie	KAR3I	ST	red	green	green	2020-03-19 00:00:00
St. Bernhard-Hospital Brake	ITS	NI	yellow	yellow	red	2020-03-19 00:00:00
Helios Klinikum Schleswig	Interdiszipliäre Intensivmedizin	SH	green	green	unavailable	2020-03-23 00:00:00
KRH Siloah Hannover	Intensivstation	NI	green	green	green	2020-03-19 00:00:00
Asklepios Klinik Altona	2C und 2I	HH	green	green	unavailable	2020-03-23 00:00:00
Universität München Campus Innenstadt	Anaesthesiologisch-Chirurgische Intensivstation ANIS5	BY	green	green	unavailable	2020-03-19 00:00:00
Sana Kliniken des Landkreises Cham	Interdisziplinäre Intensivstation	BY	green	green	unavailable	2020-03-23 00:00:00
Universitätsklinikum Schleswig-Holstein Campus Lübeck	Sektion Interdisziplinäre Konservative Intensivmedizin	SH	green	green	green	2020-03-23 00:00:00
Alb-Donau-Klinikum Blaubeuren	Interdisziplinäre Intensivstation	BW	green	green	unavailable	2020-03-19 00:00:00
Asklepios Klinik Lindau	ITS	BY	green	green	unavailable	2020-03-23 00:00:00
Klinik für Neurologie am Universitätsklinikum des Saarlandes, Homburg/Saar	NN-05 und NN-01	SL	yellow	yellow	unavailable	2020-03-20 00:00:00
Kreisklink Wertingen	IPS/IMC	BY	green	green	unavailable	2020-03-23 00:00:00
Rotkreuzklinik Wertheim	Intensiv	BW	green	green	unavailable	2020-03-23 00:00:00
Asklepios Klinik Birkenwerder	ITS	BB	yellow	yellow	unavailable	2020-03-20 00:00:00
Gesundheitszentrum Odenwaldkreis GmbH	Intensivstation I + II	HE	green	green	red	2020-03-19 00:00:00
Universitätsklinikum Jena	Intensivmedizin	TH	yellow	green	yellow	2020-03-23 00:00:00
Diakoneo Rangauklinik Ansbach GmbH	9	BY	red	red	unavailable	2020-03-23 00:00:00
Rhein-Mosel-Fachklinik Andernach	Neurologie 3	RP	green	green	red	2020-03-19 00:00:00
Universitätsklinikum Marien Hospital Herne	interdisziplinäre Intensivstation	NRW	green	green	green	2020-03-23 00:00:00
Universitätsmedizin Rostock - Teilkörperschaft der Universität Rostock	Neurologische Intensivstation	MV	yellow	yellow	red	2020-03-19 00:00:00
EVK Mettmann	Interdisziplinäre Intensivstation	NRW	yellow	green	unavailable	2020-03-19 00:00:00
Sächsisches Krankenhaus Arnsdorf	Intensivstation	SN	red	yellow	red	2020-03-19 00:00:00
Krankenhaus Angermünde	Intensivstation	BB	green	green	unavailable	2020-03-23 00:00:00
Krankenhaus Maria Hilf MAW	Intensiv	RP	green	green	red	2020-03-23 00:00:00
Marienhausklinik St. Josef Losheim am See	Intensivstation	SL	green	green	red	2020-03-23 00:00:00
St. Franziskus Hospital Ahlen	1F	NRW	green	green	unavailable	2020-03-19 00:00:00
Asklepios Stadtklinik Bad Tölz	Intensivstation	BY	red	red	unavailable	2020-03-23 00:00:00
Kreiskrankenhaus Saarburg GmbH	Intensivstation	RP	green	green	unavailable	2020-03-23 00:00:00
Caritas Krankenhaus St. Josef	Interdisziplinäre Intensivstation	BY	red	yellow	green	2020-03-23 00:00:00
Kreisklinik Wörth an der Donau	Interdisziplinäre Intensivstation	BY	green	green	unavailable	2020-03-23 00:00:00
Städtisches Klinikum Dresden- Standort Neustadt	Intensivstation S216	SN	green	yellow	red	2020-03-19 00:00:00
Sana-Klinikum Hameln	C2	NI	yellow	yellow	red	2020-03-23 00:00:00
Vincenz-Krankenhaus Datteln	Intensivstation	NRW	red	green	unavailable	2020-03-23 00:00:00
Havelland Kliniken Standort Rathenow	Intensivstation	BB	yellow	green	unavailable	2020-03-23 00:00:00
ViDia Diakonissenkrankenhaus	Intensivstation	BW	yellow	yellow	red	2020-03-21 00:00:00
Klinikum Nürnberg Süd	Internistische Intensivstation B.U1.3-5	BY	green	green	green	2020-03-23 00:00:00
Johanniter Gmbh - Waldkrankenhaus Bonn	Interdisziplinäre Intensivstation	NRW	red	red	unavailable	2020-03-19 00:00:00
Klinikum Osnabrück	0541 405 5500	NI	green	green	green	2020-03-21 00:00:00
Vivantes Klinikum Neukölln	ITS 2	BE	yellow	green	red	2020-03-23 00:00:00
GRN-Klinik Schwetzingen	Intensivstation	BW	green	yellow	unavailable	2020-03-22 00:00:00
Asklepios Klinik Kinderklinik Sankt Augustin	KITZ	NRW	green	green	unavailable	2020-03-23 00:00:00
Sankt Gertrauden Krankenhaus GmbH	ITS-35	BE	green	green	unavailable	2020-03-23 00:00:00
Allgemeines Krankenhaus Viersen	interdisziplinäre Intensivstation	NRW	green	green	green	2020-03-23 00:00:00
SMH Hospital Düren gGmbH	Intensivstation Erwachsene	NRW	yellow	yellow	unavailable	2020-03-23 00:00:00
Agaplesion Diakonieklinikum Hamburg	D1	HH	green	green	unavailable	2020-03-21 00:00:00
St. Elisabeth Krankenhaus Lahnstein - Ihr Gesundeheitszentrum - GmbH	Intensivstation	RP	green	green	unavailable	2020-03-23 00:00:00
Asklepios-ASB Klinik Radeberg	Interdisziplinäre Intensivstation	SN	green	green	unavailable	2020-03-23 00:00:00
Bundeswehrkrankenhaus Berlin	Interdisziplinäre Intensivstation	BE	yellow	green	green	2020-03-23 00:00:00
Havelland-Kliniken Standort Nauen	Intensivstation	BB	red	green	unavailable	2020-03-23 00:00:00
Sana Klinikum Lichtenberg	7a/IMC	BE	green	green	unavailable	2020-03-23 00:00:00
Schön Klinik Düsseldorf	Interdisziplinäre Intensivstation	NRW	green	green	unavailable	2020-03-23 00:00:00
Stauferklinikum Schwäbisch Gmünd	19	BW	green	green	red	2020-03-23 00:00:00
Städtisches Krankenhaus Eisenhüttenstadt GmbH	Intensivstation	BB	green	green	red	2020-03-23 00:00:00
Sana Krankenhaus Benrath	Interdisziplinäre Intensistation	NRW	red	green	red	2020-03-22 00:00:00
Johanniter Krankenhaus Bonn	Interdisziplinäre Intensivstation	NRW	green	green	red	2020-03-19 00:00:00
Herz-Jesu-Krankenhaus Dernbach		RP	red	green	unavailable	2020-03-23 00:00:00
Herzzentrum Dresden Klinik für Herzchirurgie	Intensiv 2B	SN	red	green	green	2020-03-23 00:00:00
SANA Klinikum Offenbach	S2A	HE	green	green	yellow	2020-03-23 00:00:00
Klinikum Würzburg Mitte Standort Missioklinik, Salvatorstrasse 7, 97074 Würzburg	Intensivstation	BY	yellow	green	unavailable	2020-03-22 00:00:00
Klinikum Nordfriesland, Klinik Husum	Interdisziplinäre Intensivstation	SH	green	green	red	2020-03-20 00:00:00
Asklepios Klinik Weißenfels	Interdisziplinäre Intensivstation (S 1)	ST	yellow	yellow	unavailable	2020-03-23 00:00:00
Helios-Kliniken Mittelweser		NI	green	green	unavailable	2020-03-23 00:00:00
Klinikum Frankfurt Oder GmbH	63A+B	BB	red	green	unavailable	2020-03-23 00:00:00
Sana Kliniken Leipziger Land	Intensivstation	SN	green	green	unavailable	2020-03-23 00:00:00
Lukaskrankenhaus Neuss	Pädiatrische Intensivstation	NRW	green	yellow	red	2020-03-19 00:00:00
Agaplesion Diakonieklinikum Rotenburg		NI	green	green	unavailable	2020-03-23 00:00:00
Kliniken Essen-Mitte Ev. Krankenhaus Werden	INTW	NRW	yellow	yellow	unavailable	2020-03-23 00:00:00
Pädiatrische Intensivstation Universitätskinderklinik Magdeburg	PAEI1	ST	green	yellow	unavailable	2020-03-19 00:00:00
Diakonie-Klinikum Stuttgart	Corona Intensiv/ IMC	BW	green	red	unavailable	2020-03-23 00:00:00
Helios Klinik Köthen	Intensivstation	ST	green	green	unavailable	2020-03-20 00:00:00
Asklepios Klinik St. Georg, Hamburg	E1/E3/F2	HH	green	green	green	2020-03-23 00:00:00
Evangelisches Krankenhaus Königin Elisabeth Herzberge	IC1 IC2	BE	red	red	red	2020-03-21 00:00:00
Lausitzer Seenland Klinikum GmbH	Intensivstation	SN	green	green	unavailable	2020-03-23 00:00:00
Katholisches Krankenhaus St. Johann Nepomuk Erfurt	Interdisziplinäre Intensivtherapiestation	TH	red	yellow	red	2020-03-19 00:00:00
Klinikum Konstanz - GLKN	Interdisziplinäre Intensivstation	BW	green	green	unavailable	2020-03-23 00:00:00
Krankenhaus-Landshut-Achdorf	Intensivstation	BY	red	yellow	unavailable	2020-03-23 00:00:00
Sana Klinikum Hof, Eppenreuther Str. 9, 95932 Hof	ITS	BY	red	yellow	unavailable	2020-03-23 00:00:00
Klinikum Südstadt Rostock	Intensivbereich	MV	green	green	unavailable	2020-03-23 00:00:00
SANA Herzzentrum Dresden	Kardiologische Intensivstation	SN	yellow	green	green	2020-03-23 00:00:00
Klinik Eichstätt, Interdisziplinäre ITS	Intensivstation	BY	green	green	unavailable	2020-03-22 00:00:00
Marienkrankenhaus Hamburg	Med Intensiv /Op Intensiv	HH	green	green	green	2020-03-23 00:00:00
Sankt Gertrauden Krankhaus GmbH	Station 05	BE	green	red	unavailable	2020-03-19 00:00:00
Harzklinikum Dorothea Christiane Erxleben QUEDLINBURG	Intensivstation (03)	ST	green	green	unavailable	2020-03-23 00:00:00
Asklepios Klinikum Uckermark	24	BB	yellow	yellow	unavailable	2020-03-23 00:00:00
Paracelsus Klinik Henstedt-Ulzburg	interdisziplinäre Intensivstation	SH	green	green	unavailable	2020-03-21 00:00:00
Verbundkrankenhaus Bernkastel/Wittlich	Intensivstation	RP	green	green	red	2020-03-19 00:00:00
Krankenhaus Wittmund gGmbH	Intensivstation	NI	green	green	red	2020-03-23 00:00:00
DRK Kliniken Berlin Köpenick	ITS	BE	green	green	unavailable	2020-03-20 00:00:00
St. Sixtus-Hospital	Intensivstation	NRW	green	green	unavailable	2020-03-20 00:00:00
Schwarzwald-Baar-Klinikum	Station 11	BW	green	green	unavailable	2020-03-21 00:00:00
Kreisklinik St. Elisabeth	Intensivstation	BY	green	green	unavailable	2020-03-23 00:00:00
Asklepios Kliniken Schildautal Seesen	Station 41	NI	yellow	yellow	unavailable	2020-03-23 00:00:00
Diakoneo Klinik Schwabach	Interdisziplinäre Intensivstation	BY	green	green	unavailable	2020-03-23 00:00:00
Krankenhäuser Landkreis Freudenstadt	Interdisziplinäre Intensivstation	BW	green	green	unavailable	2020-03-23 00:00:00
Diakoniekrankenhaus Halle gGmbH	ITS	ST	yellow	green	unavailable	2020-03-23 00:00:00
Siloah St. Trudpert Klinikum	Intensivstation	BW	green	green	red	2020-03-23 00:00:00
St. Bernhard-Hospital Kamp-Lintfort GmbH	Intensivstation	NRW	green	green	unavailable	2020-03-23 00:00:00
Krankenhaus Spremberg	IMC	BB	green	green	unavailable	2020-03-23 00:00:00
Herz-Kreislauf-Zentrum Klinikum Hersfeld-Rotenburg GmbH	C-ITS	HE	red	green	yellow	2020-03-19 00:00:00
Klinikum Dritter Orden München		BY	red	yellow	unavailable	2020-03-23 00:00:00
Wertachklinik Schwabmünchen	ITS / IMC	BY	green	green	unavailable	2020-03-23 00:00:00
Asklepios Schloßbergklinik Bad König		HE	red	green	red	2020-03-19 00:00:00
DRK Krankenhaus Teterow	ITS	MV	red	yellow	red	2020-03-23 00:00:00
Krankenhaus Eichhof	Intensivstation	HE	green	green	red	2020-03-23 00:00:00
Florence-Nightingale-Krankenhaus Kinderklinik	Kinderintensivstation	NRW	green	yellow	unavailable	2020-03-23 00:00:00
Krankenhaus Bethanien für die Grafschaft Moers	Interdisziplinäre Intensivstation	NRW	green	green	unavailable	2020-03-23 00:00:00
Marienkrankenhaus Soest, Widumgasse 5, 59494 Soest	ITS	NRW	green	green	red	2020-03-19 00:00:00
DRK Krankenhaus Rabenstein	Intensivstation	SN	green	green	red	2020-03-19 00:00:00
Malteser Krankenhaus St. Josefshospital Uerdingen, 47829 Krefeld, Kurfürstenstr. 69	Intensiv	NRW	green	green	unavailable	2020-03-23 00:00:00
Asklepios Klinik Lich	2C	HE	green	green	unavailable	2020-03-23 00:00:00
Sana Krankenhaus Templin	ITS	BB	yellow	red	unavailable	2020-03-23 00:00:00
Städtisches Krankenhaus Pirmasens	Intensivstation	RP	green	green	unavailable	2020-03-23 00:00:00
Klinik Augustinum	Intensivstation 7	BY	green	green	unavailable	2020-03-23 00:00:00
Sana Krankenhaus Gerresheim	ITS	NRW	yellow	green	unavailable	2020-03-23 00:00:00
Stiftungsklinikum Proselis Standort St. Elisabeth Hospital Herten	interdiszipl. Intensivstation	NRW	green	green	unavailable	2020-03-23 00:00:00
Sanaklinik Biberach	Intensivstation	BW	yellow	green	unavailable	2020-03-23 00:00:00
Evangelisches Krankenhaus Kalk in Köln (EVKK)		NRW	green	green	unavailable	2020-03-23 00:00:00
Agaplesion ev. Klinikum Schaumburg	W 11 + W 13	NI	yellow	yellow	unavailable	2020-03-20 00:00:00
Ostalbklinikum Aalen	25	BW	green	green	unavailable	2020-03-19 00:00:00
KMG Klinikum Luckenwalde	ITS	BB	yellow	yellow	unavailable	2020-03-23 00:00:00
Lungenclinic Großhansdorf	Intensivstation (Station 1)	SH	red	red	unavailable	2020-03-23 00:00:00
EvK Herne, Bst. Eickel, Thoraxzentrum Ruhrgebiet	Intensivstation	NRW	green	green	unavailable	2020-03-23 00:00:00
Sana-Krankenhaus Rügen GmbH	Interdisziplinäre Intensivstation	MV	red	green	unavailable	2020-03-23 00:00:00
St. Marien-Krankenhaus Berlin	Interdisziplinäre Intensivstation	BE	green	yellow	unavailable	2020-03-23 00:00:00
Klinikzentrum Westerstede	Operative Intensivstation	NI	red	green	unavailable	2020-03-23 00:00:00
Asklepios Nordseeklinik Westerland/ Sylt	Intensiv	SH	green	green	red	2020-03-19 00:00:00
RKU - Universitäts- und Rehabilitationskliniken Ulm gGmbH	Intensivstation	BW	yellow	green	unavailable	2020-03-23 00:00:00
BG - Unfallklinik Murnau	Interdisziplinäre Intensivmedizin	BY	green	green	green	2020-03-22 00:00:00
DRK Krankenhaus Lichtenstein Gemeinnützige GmbH	ITS	SN	green	green	unavailable	2020-03-23 00:00:00
Asklepios Klinik Bad Oldesloe	B2	SH	yellow	yellow	unavailable	2020-03-23 00:00:00
GKH Herdecke gGmbH	4E	NRW	green	green	red	2020-03-19 00:00:00
Schwarzwald-Baar Klinikum	Intensiv 12-15, DS24	BW	green	green	green	2020-03-19 00:00:00
St. Josefs-Hospital Wiesbaden	Station 31/32	HE	green	green	yellow	2020-03-23 00:00:00
Helios Klinik Herzberg und Osterode	Intensivstation	NI	green	green	unavailable	2020-03-23 00:00:00
Sana Herzchirurgie Stuttgart	Intensivstation	BW	green	green	green	2020-03-23 00:00:00
Rotkreuzklinik Lindenberg gGmbH	Interdisziplinäre Intensivstation	BY	green	green	unavailable	2020-03-23 00:00:00
Zentrum für Intensiv- und Notfallmedizin, Klinikum Saarbrücken	ZIN 10, ZIN 43, COBAZ 1	SL	green	green	green	2020-03-23 00:00:00
Universitätsmedizin Rostock - Internistische Intensivstation	Internistische Intensivstation	MV	green	green	green	2020-03-19 00:00:00
Kreiskrankenhaus Schrobenhausen GmbH	Interdisziplinäre Intensivstation (S2)	BY	green	green	unavailable	2020-03-23 00:00:00
Klinikum-Bremen-Ost	Interdisziplinäre Intensivstation	HB	yellow	yellow	unavailable	2020-03-23 00:00:00
Klinikum Merzig	Intensivstation	SL	yellow	green	red	2020-03-23 00:00:00
Kreiskrankenhaus Weilburg	Interdisziplinäre Intensivstation	HE	green	yellow	unavailable	2020-03-23 00:00:00
Katholisches Klinikum Koblenz-Montabaur	3 Interdiziplinäre Intensivstation	RP	green	green	green	2020-03-23 00:00:00
Landkreis Mittweida Krankenhaus gGmbH	Interdisziplinäre Intensivstation	SN	green	green	unavailable	2020-03-23 00:00:00
Zeisigwaldkliniken Bethanien Chemnitz im Verbund der Agaplesion	Interdisziplinäre ITS/ IMC	SN	green	green	unavailable	2020-03-20 00:00:00
Kreiskliniken Günzburg-Krumbach, Klinik Krumbach	Station 8 (ITS)	BY	red	green	unavailable	2020-03-22 00:00:00
Klinikum Esslingen	i53 und i12	BW	yellow	green	green	2020-03-20 00:00:00
Bundeswehrkrankenhaus Hamburg	1.1, 1.2	HH	green	green	yellow	2020-03-18 00:00:00
DRK Kliniken Nordhessen	INT und CoViD-INT	HE	green	green	unavailable	2020-03-18 00:00:00
Kreiskrankenhaus Freiberg gGmbH	Station 16	SN	green	green	unavailable	2020-03-23 00:00:00
St. Josef Krankenhaus GmbH Moers	Interdisziplinäre Intensivstation	NRW	red	green	unavailable	2020-03-23 00:00:00
DRK-Krankenhaus Biedenkopf	Intensivstation	HE	red	yellow	unavailable	2020-03-18 00:00:00
Asklepios Harzkliniken Goslar	Interdisziplinäre Intensivstation 33	NI	green	red	red	2020-03-18 00:00:00
Agaplesion Diakonieklinikum Rotenburg	17	NI	green	yellow	unavailable	2020-03-18 00:00:00
Krankenhaus St.Joseph-Stift Bremen	Interdisziplinäre Intensivmedizin	HB	green	green	unavailable	2020-03-23 00:00:00
Klinik für Anästhesiologie m. S. operative Intensivmedizin, Charité Campus Benjamin Franklin	44i	BE	green	green	green	2020-03-20 00:00:00
Hessenklinik Stadtkrankenhaus Korbach gGmbH	14	HE	green	green	unavailable	2020-03-18 00:00:00
Marienhospital Stuttgart; Vinzenz von Paul Kliniken GmbH	Internistische Intensivstation M2ib	BW	yellow	green	unavailable	2020-03-19 00:00:00
Albertinen-Krankenhaus	C2	HH	green	green	green	2020-03-23 00:00:00
HGH Bensheim	Intensivstation	HE	green	green	unavailable	2020-03-22 00:00:00
St. Josefs- Hospital Rheingau	Intensivstation	HE	green	green	unavailable	2020-03-23 00:00:00
Asklepios Klinik Burglengenfeld	ITS	BY	green	green	yellow	2020-03-22 00:00:00
Sana Kliniken Lübeck	Intensivstation	SH	green	green	unavailable	2020-03-23 00:00:00
St-Johannes-Hospital Dortmund	MIV/IPE/OIS/G1	NRW	green	green	green	2020-03-23 00:00:00
Elbeklinikum Stade	INTENSIVSTATION	NI	green	green	unavailable	2020-03-23 00:00:00
Klinikum Stuttgart		BW	yellow	green	yellow	2020-03-23 00:00:00
Johanniter GmbH - Ev. Krankenhaus Bethesda Mönchengladbach		NRW	green	green	red	2020-03-23 00:00:00
Universitätsklinikum Freiburg		BW	green	green	green	2020-03-23 00:00:00
Fachkrankenhaus Coswig GmbH	D-1	SN	green	green	green	2020-03-23 00:00:00
Klinikum Oldenburg AöR	Operative Intensivmedizin	NI	green	green	green	2020-03-23 00:00:00
Universitätsklinikum Gießen und Marburg, Standort Gießen		HE	green	green	green	2020-03-23 00:00:00
Wertachklinik Bobingen	Intensiv	BY	yellow	green	unavailable	2020-03-23 00:00:00
Malteser Krankenhaus Kamenz	Intensivstation	SN	green	green	unavailable	2020-03-19 00:00:00
Universitätsklinikum Halle (Saale)	I1 Innere Medizin Intensiv	ST	green	green	green	2020-03-23 00:00:00
Klinik Neuendettelsau	Intensivstation	BY	green	green	unavailable	2020-03-18 00:00:00
Marienhospital Stuttgart	Operative Intensivstation M2ia	BW	green	green	unavailable	2020-03-23 00:00:00
Helios Klinikum Berlin-Buch	C1-11	BE	green	green	green	2020-03-23 00:00:00
Krankenhaus Mecklenburg Strelitz	ITS	MV	green	green	red	2020-03-19 00:00:00
Klinikum Idar-Oberstein	St. 22 und St. 16	RP	green	green	unavailable	2020-03-23 00:00:00
Neonatologie Klinikum Altenburger Land	01	TH	green	yellow	unavailable	2020-03-22 00:00:00
Asklepios Lungenfachklinik München-Gauting	Intensivstation	BY	green	green	unavailable	2020-03-20 00:00:00
Vivantes Klinikum Neukölln	ITS 1	BE	green	green	red	2020-03-18 00:00:00
Ev. Krankenhaus Oberhausen	Intensiv A + B	NRW	green	green	unavailable	2020-03-23 00:00:00
Klinikum Bayreuth GmbH	Operative Intensivstation 18	BY	green	green	green	2020-03-20 00:00:00
Klinikum Oberlausitzer Bergland gGmbH	ITS	SN	green	green	red	2020-03-22 00:00:00
Asklepios Klinik Langen	Interdisziplinäre Intensivmedizin	HE	green	green	green	2020-03-22 00:00:00
Sana Krankenhaus Radevormwald	ITS	NRW	red	red	unavailable	2020-03-23 00:00:00
Hegau-Bodensee-Klinikum (HBK) - Standort Singen	Intensivstationen	BW	green	green	unavailable	2020-03-23 00:00:00
Klinikum Dortmund gGmbH, KLZ Nord, Station ND1	ND1	NRW	red	red	red	2020-03-18 00:00:00
Ruppiner Kliniken	X2	BB	yellow	green	unavailable	2020-03-23 00:00:00
Kliniken HochFranken	Münchberg Station 1A Naila Station O2	BY	yellow	green	unavailable	2020-03-23 00:00:00
Klinikum Dortmund gGmbH	Intensivstation Erwachsene	NRW	green	green	green	2020-03-23 00:00:00
Kliniken Dritter Orden - Standort Kinderklinik Passau	PICU	BY	green	green	unavailable	2020-03-22 00:00:00
Sankt Marien Krankenhaus Ratingen	Intensivstation	NRW	green	green	unavailable	2020-03-23 00:00:00
Bethesda Krankenhaus Bergedorf	Intensivstation	HH	green	green	unavailable	2020-03-23 00:00:00
Lungenklinik Hemer		NRW	green	green	yellow	2020-03-19 00:00:00
Gemeinschaftskrankenhaus Havelhöhe	1/2	BE	green	green	green	2020-03-23 00:00:00
AGAPLESION DIAKONIE KLINIKEN KASSEL gGmbH	Intensivstation	HE	green	green	unavailable	2020-03-22 00:00:00
Asklepiosklinik Wandsbek, Hamburg	Interdisz. Intensivstation B1-West	HH	green	green	unavailable	2020-03-23 00:00:00
Klinik Rotes Kreuz Frankfurt/ Main	Intensivstation	HE	green	green	red	2020-03-21 00:00:00
Klinikum Lichtenfels	ICU/ IMC	BY	yellow	yellow	unavailable	2020-03-23 00:00:00
Ev. Waldkrankenhaus Spandau	14A, 14B	BE	green	green	unavailable	2020-03-20 00:00:00
Krankenhaus Rummelsberg GmbH Schwarzenbruck b. Nürnberg - Sana AG	Intensivstation und Intermediate-Care	BY	green	green	unavailable	2020-03-23 00:00:00
Helios Hanseklinikum Stralsund	Interdisziplinäre Intensivstation	MV	green	green	green	2020-03-23 00:00:00
Kliniken Beelitz GmbH / Fachkrankenhaus für Neurologische Frührehabilitation	Beatmungsstation FW	BB	red	red	unavailable	2020-03-23 00:00:00
Klinikum Heidenheim	ZFI, Station C3	BW	green	green	unavailable	2020-03-23 00:00:00
SRH Zentralklinikum Suhl	S44 Intensiv	TH	green	green	unavailable	2020-03-23 00:00:00
Helios Klinikum Gifhorn	1.4 (Intensiv)	NI	yellow	green	red	2020-03-18 00:00:00
Helios Klinikum Salzgitter	Intensiv- und Überwachungsstation	NI	green	yellow	unavailable	2020-03-23 00:00:00
ELBLAND Reha- und Präventions-GmbH	Beatmungsstation 4a	SN	red	red	unavailable	2020-03-23 00:00:00
Klinikum Ibbenbüren	operative Intensiv	NRW	green	green	green	2020-03-23 00:00:00
Evangelisches Diakoniekrankenhaus Freiburg	Interdisziplinäre Intensivstation	BW	green	green	unavailable	2020-03-23 00:00:00
Diakonieklinikum Neunkirchen	interdisziplinäre Intensivstation	SL	yellow	yellow	red	2020-03-19 00:00:00
AGAPLESION Ev. Bathildiskrankenhaus	Interdisziplinäre Intensivstation	NI	green	green	red	2020-03-23 00:00:00
St. Anna Krankenhaus	Intensivstation	BY	red	yellow	red	2020-03-23 00:00:00
Kreiskrankenhaus Grünstadt	Intensivstation	RP	green	green	unavailable	2020-03-23 00:00:00
Sanakrankenhaus Bad Doberan	Intensivtherapiestation	MV	yellow	green	unavailable	2020-03-23 00:00:00
Katholisches Kinderkrankenhaus Wilhelmstift	S1	HH	green	green	unavailable	2020-03-23 00:00:00
DRK Kinderklinik	Intensiv 1	NRW	yellow	yellow	unavailable	2020-03-23 00:00:00
Immanuel Klinikum Bernau Herzzentrum Brandenburg	Intensivstation	BB	green	green	green	2020-03-23 00:00:00
St. Marienhospital Vechta gGmbH	Interdisziplinäre Intensivstation	NI	green	green	red	2020-03-17 00:00:00
St. Marienhospital Vechta gGmbH	Interdisziplinäre Intensivstation	NI	green	green	unavailable	2020-03-23 00:00:00
Gesundheitszentrum Glantal	IMC	RP	green	red	red	2020-03-23 00:00:00
Prosper-Hospital Recklinghausen Proselis Stiftungsklinik	Intensiv	NRW	red	green	red	2020-03-19 00:00:00
Asklepios Fachkliniken Teupitz und Lübben	ITS-Teupitz und Weaning-Lübben	BB	yellow	green	unavailable	2020-03-23 00:00:00
Martin Luther Krankenhaus, Berlin	Intensivstation	BE	green	green	green	2020-03-23 00:00:00
BG Klinik Tübingen		BW	green	green	unavailable	2020-03-23 00:00:00
GRN-Klinik Weinheim	Intensivstation	BW	green	yellow	unavailable	2020-03-23 00:00:00
Klinikum rechts der Isar der TU München Klinik für Anästhesiologie und Intensivmedizin		BY	yellow	yellow	yellow	2020-03-23 00:00:00
Lungenklinik Neustadt	ITS und Weaningstation	TH	green	green	yellow	2020-03-23 00:00:00
Pius-Hospital Oldenburg	Interdisziplinäre Intensivstation	NI	green	green	unavailable	2020-03-23 00:00:00
St.-Antonius-Hospital gGmbH Eschweiler	Interdisziplinäre       Intensivstation	NRW	green	green	unavailable	2020-03-23 00:00:00
Evangelisches Krankenhaus Oldenburg	Station 28	NI	green	green	green	2020-03-21 00:00:00
BG Klinikum Unfallkrankenhaus Berlin gGmbH - UKB		BE	green	green	green	2020-03-23 00:00:00
Kliniken Maria Hilf GmbH		NRW	green	green	green	2020-03-20 00:00:00
Uniklinik Köln Internistische Intensivstation ECMO Zentrum	4b	NRW	yellow	green	green	2020-03-23 00:00:00
Caritas-Klinik Berlin-Pankow	Intensivstation	BE	green	green	unavailable	2020-03-23 00:00:00
Dr. Horst-Schmidt Kliniken Wiesbaden		HE	green	green	green	2013-03-20 00:00:00
Zentralklinik Bad Berka GmbH		TH	green	green	green	2013-03-20 00:00:00
Universitätsmedizin Greifswald	Internistische ITS	MV	green	green	green	2013-03-20 00:00:00
Brandenburg: Elbe-Elster-Klinikum GmbH		BB	green	green	green	2013-03-20 00:00:00
Berufsgenossenschaftliches Univ.-Klinikum Bergmannsheil Bochum	Chirurgische Intensivstation	NRW	green	green	green	2020-03-21 00:00:00
Helios Klinikum Pforzheim	ITS	BW	green	green	green	2020-03-23 00:00:00
Universitätsklinikum des Saarlandes	M5-ICU	SL	green	green	green	2020-03-17 00:00:00
Universitätsklinikum Essen		NRW	green	green	green	2020-03-18 00:00:00
Universitätsklinikum Knappschaftskrankenhaus Bochum	Interdisziplinäre, operative Intensivstation	NRW	green	green	green	2020-03-19 00:00:00
Universitätsklinikum Ulm	IOI	BW	yellow	green	green	2020-03-23 00:00:00
Universitätsklinikum Regensburg	gesamtes Klinikum	BY	green	green	green	2020-03-23 00:00:00
Universitätsmedizin Mannheim	Gesamtkoordination	BW	yellow	yellow	green	2020-03-23 00:00:00
imland Klinik Rendsburg		SH	green	green	green	2020-03-20 00:00:00
Helios Universitätsklinikum Wuppertal	Operative und konservative Intensiv	NRW	green	green	green	2020-03-23 00:00:00
Thoraxklinik des Universitätsklinikums Heidelberg	Intensivstation 1	BW	green	green	green	2020-03-23 00:00:00
Universitätsklinikum Leipzig	Gesamtes Klinikum	SN	green	green	green	2020-03-19 00:00:00
ARDS und ECLS/ECMO-Zentrum Klinikum Kassel	ECMO-Zentrum (C73)	HE	green	green	green	2020-03-23 00:00:00
Asklepios Klinikum Hamburg-Harburg	Intensivstation 91	HH	green	green	green	2020-03-21 00:00:00
Universitätsklinikum Schleswig-Holstein	Sektion Interdisziplinäre operative Intensivmedizin	SH	green	green	green	2020-03-16 00:00:00
Klinikum Bremen Mitte		HB	red	green	yellow	2020-03-20 00:00:00
Barmherzige Brüder München		BY	green	green	green	2020-03-21 00:00:00
Klinikum Emden interdisziplinäre Intensivmedizin	Interdisziplinäre intensivmedizin	NI	green	green	green	2020-03-23 00:00:00
Universitätsklinikum Würzburg	COVID-ICU Stationen	BY	green	green	green	2020-03-23 00:00:00
Medizinische Hochschule Hannover		NI	green	green	green	2013-03-20 00:00:00
Uniklinik Düsseldorf	Intensivstation	NRW	green	green	green	2013-03-20 00:00:00
RKH Klinikum Ludwigsburg	Stationen des Zentrums für Intensivmedizin	BW	green	green	green	2020-03-23 00:00:00
Klinikverbund Allgäu - Klinik Immenstadt	Intensivstation	BY	green	green	green	2020-03-23 00:00:00
Augusta-Kliniken Bochum-Mitte	I-12	NRW	green	green	green	2020-03-23 00:00:00
ARDS und ECMO Zentrum Köln-Merheim, Kliniken der Stadt Köln,		NRW	green	green	green	2020-03-18 00:00:00
Klinikum Frankfurt Höchst		HE	green	green	green	2020-03-23 00:00:00
Universität München Campus Großhadern		BY	yellow	green	green	2020-03-22 00:00:00
Marienhospital Osnabrück		NI	green	green	green	2020-03-23 00:00:00
Universitätsmedizin Rostock	PIT 1+2	MV	green	green	green	2020-03-20 00:00:00
Klinikum Dortmund	C12	NRW	red	yellow	yellow	2020-03-18 00:00:00
Universitätsmedizin Göttingen		NI	green	green	green	2020-03-20 00:00:00
Universitätsklinikum Münster		NRW	green	green	green	2020-03-19 00:00:00
Universitätsklinikum Tübingen		BW	green	green	green	2013-03-20 00:00:00
Universitätsklinik RWTH Aachen	OIM	NRW	yellow	yellow	yellow	2020-03-23 00:00:00
HELIOS Klinikum Erfurt		TH	green	green	green	2020-03-20 00:00:00
Brüderkrankenhaus Trier	Intensivstation 1E Herzzentrum	RP	yellow	yellow	green	2020-03-23 00:00:00
Universitätsklinikum Gießen / Marburg		HE	green	green	green	2020-03-18 00:00:00
Universitätsklinikum Hamburg-Eppendorf		HH	green	green	green	2020-03-22 00:00:00
Universitätsklinikum Dresden	ARDS/ECMO Zentrum Dresden (ANE-ITS)	SN	green	green	green	2020-03-23 00:00:00
Universitätsklinikum Erlangen	Koordination	BY	green	green	green	2020-03-23 00:00:00
Universitätsklinikum Bonn	Operative Intensivmedizin	NRW	green	green	green	2020-03-22 00:00:00
Klinikum Nürnberg		BY	green	green	green	2013-03-20 00:00:00
Helios Klinikum Bad Saarow	ITS 1, ITS 2, ITS 3	BB	yellow	green	green	2020-03-23 00:00:00
Elisabeth-Krankenhaus Essen	kardiologisch- internistische Intensivstation	NRW	green	green	green	2020-03-23 00:00:00
Charité - Universitätsmedizin Berlin	8i/144i/43i	BE	green	green	green	2020-03-20 00:00:00
