	Klinikname	Kontakt	Bundesland	ICU low care¹	ICU high care²	ECMO³	Stand
0	Christliches Krankenhaus Quakenbrück	11/12 Website	NI	1.0	1.0		2020-03-24 21:30:00
1	Uniklinikum Dresden, Internistische Intensivstation	MK-ITS Website	SN	1.0	1.0		2020-03-24 21:11:00
2	Helios Klinikum Hildesheim	ITS D2 Website	NI	1.0	1.0		2020-03-24 20:36:00
3	Katholisches Klinikum Oberhausen, St. Clemens Hospital	ICU Website	NRW	1.0	1.0		2020-03-24 20:02:00
4	Isar Kliniken GmbH	Intensivstation Website	BY	0.0	0.5		2020-03-24 19:07:00
5	Segeberger Kliniken	Website	SH	1.0	1.0		2020-03-24 18:23:00
6	Theresienkrankenhaus Mannheim	Intensivstation 1 Website	BW	1.0	1.0		2020-03-24 17:54:00
7	St. Marien-Hospital Bonn	interdiziplinäre Intensivstation Website	NRW	0.5	1.0		2020-03-24 17:38:00
8	Alexianer Krefeld GmbH	Intensivstation Website	NRW	1.0	1.0		2020-03-24 16:59:00
9	Klinikum Gütersloh gGmbH	20 und 21 Website	NRW	1.0	1.0		2020-03-24 16:53:00
10	Asklepios Klinik Barmbek	Intensiv B Website	HH	1.0	1.0		2020-03-24 16:52:00
11	Rems-Murr-Klinikum Winnenden	Interdisziplinäre Intensivstation Website	BW	1.0	1.0	1.0	2020-03-24 16:59:00
12	Evangelisches Krankenhaus Hubertus	Website	BE	1.0	1.0		2020-03-24 17:54:00
13	EVK Düsseldorf	Interdisziplinäre Intensivstation Website	NRW	1.0	0.5		2020-03-24 16:49:00
14	Katholisches Karl-Leisner-Klinikum gGmbH Marienhospital Kevelaer	Interdisziplinäre Intensivstation Website	NRW	1.0	1.0		2020-03-24 16:45:00
15	Helios St. Elisabeth Klinik Oberhausen	Intensiv 1 Website	NRW	0.0	1.0		2020-03-24 16:30:00
16	Krankenhaus Buchholz gGmbh	Interdisziplinäre Intensivstation Website	NI	1.0	0.5		2020-03-24 16:47:00
17	Asklepios Fachklinikum Brandenburg, Neurologische Intensivstation	N4 Website	BB	1.0	0.0		2020-03-24 15:08:00
18	Karl-Hansen-Klinik Bad Lippspringe	Intensiv I und II Website	NRW	1.0	1.0	1.0	2020-03-24 14:45:00
19	Marienhausklinik St. Josef Kohlhof	Website	SL	0.0	1.0		2020-03-24 14:39:00
20	Dreifaltigkeits-Hospital gem. GmbH, Lippstadt	Intensivstation Website	NRW	0.0	1.0		2020-03-24 15:09:00
21	Universitätskinderklinik Bonn, Neonatologie und Pädiatrischen Intensivmedizin	Pädiatrische Intensivstation Website	NRW	1.0	1.0	1.0	2020-03-24 14:30:00
22	BwZKrHs Koblenz	Website	RP	1.0	0.5	0.5	2020-03-24 13:55:00
23	Altmarkklinikum GGmbH, Standort Gardelegen	Intensivstation Website	ST	1.0	1.0		2020-03-24 13:37:00
24	Uniklinik Köln, Neonatologie und Pädiatrische Intensivmedizin	Kinderintensivstation Website	NRW	0.5	0.5		2020-03-24 13:32:00
25	Ev. Krankenhaus Lippstadt; Kinderintensivstation	Kinderintensivstation/Neonatologie Website	NRW	0.5	0.5		2020-03-24 13:30:00
26	Diakonissenkrankenhaus Dessau gemeinnützige GmbH	ITS Website	ST	1.0	1.0		2020-03-24 13:34:00
27	Helios Dr. Horst- Schmidt Klinik Wiesbaden	C1 Website	HE	1.0	1.0	1.0	2020-03-24 13:25:00
28	Katholische Kliniken Ruhrhalbinsel - St.Josef Krankenhaus Kupferdreh	Interdisziplinäre Intensivstation Website	NRW	1.0	1.0		2020-03-24 13:11:00
29	St. Barbara-Klinik Hamm GmbH	1b/1c Website	NRW	1.0	1.0		2020-03-24 15:59:00
30	Evangelisches Krankenhaus Luckau	Intensivstation Website	BB	1.0	1.0		2020-03-24 13:03:00
31	Klinikum Wilhelmshaven gGmbH	Intensivsmedizin Wilhelmshaven Website	NI	1.0	1.0	1.0	2020-03-24 13:08:00
32	Martha-Marta Krankenhaus Nürnberg	Intensivstation Website	BY	1.0	1.0		2020-03-24 15:13:00
33	Malteser Krankenhaus Seliger Gerhard Bonn/Rhein-Sieg	Interdisziplinäre Intensivstation Website	NRW	1.0	1.0		2020-03-24 12:52:00
34	Universitätsklinikum	Website	NRW	1.0	1.0	1.0	2020-03-24 12:42:00
35	GRN Klinik Eberbach	ITS Website	BW	0.0	0.0		2020-03-24 12:31:00
36	Klinikum Garmisch-Partenkirchen	Interdisziplinäre Intensivmedizin Website	BY	1.0	1.0		2020-03-24 12:27:00
37	KJF Klinik Sankt Elisabeth Neuburg/Donau	Station 16 Website	BY	1.0	1.0		2020-03-24 12:21:00
38	Schön-Klinik Vogtareuth	Anästhesiologische Intensivstation Website	BY	0.0	1.0	0.5	2020-03-24 12:12:00
39	Krankenhaus der Augustinerinnen gGmbH, Köln	Intensiv Website	NRW	1.0	1.0		2020-03-24 12:25:00
40	Universitätsklinikum Marburg UKGM	Intensivstation 3b Website	HE	1.0	1.0		2020-03-24 11:24:00
41	Klinikum Starnberg	Intensiv Website	BY	0.5	1.0		2020-03-24 11:15:00
42	GFO Kliniken Niederrhein - St. Vinzenz-Hospital Dinslaken	Intensivstation Website	NRW	1.0	1.0		2020-03-24 12:26:00
43	Helios Klinik Erlenbach	Intensiv Website	BY	1.0	1.0		2020-03-24 11:18:00
44	DRK Krankenhaus Ratzeburg	7 Website	SH	1.0	1.0		2020-03-24 11:08:00
45	Main-Klinik Ochsenfurt, 97199 Ochsenfurt	Interdisziplinäre Intensivstation Website	BY	1.0	1.0		2020-03-24 12:03:00
46	Krankenhaus St. Hubertus-Sift GmbH Bedburg	Interdisziplinäre Intensivstation Website	NRW	1.0	1.0		2020-03-24 21:10:00
47	kliniken an der Paar - Krankenhaus Aichach	Intensivstation - interdisziplinär Website	BY	0.0	1.0		2020-03-24 10:58:00
48	Sana Klinik Pegnitz GmbH	Wachstation Website	BY	1.0	1.0		2020-03-24 10:19:00
49	Klinik Hohe Warte	1 Website	BY	1.0	1.0		2020-03-24 10:09:00
50	Rems Murr Klinik Schorndorf	Intensivstation Website	BW	1.0	1.0		2020-03-24 09:53:00
51	Städtische Kliniken Mönchengladbach Kinderklinik Früh-Neugeborenenintensiv	Früh- und Neugeborenen Intensivstation K5 Website	NRW	1.0	0.5		2020-03-24 17:06:00
52	Städtisches Krankenhaus Kiel	Internistische Intensivstation Website	SH	1.0	0.5		2020-03-24 09:46:00
53	Krankenhaus Salem	Intensivstation II Website	BW	1.0	1.0		2020-03-24 09:43:00
54	Städtisches Klinikum Dessau	Website	ST	0.5	0.0		2020-03-24 09:39:00
55	Lungenklinik Ballenstedt/Harz GmbH	Website	ST	0.5	1.0		2020-03-24 09:30:00
56	Kinderzentrum Bielefeld-Bethel EvKB	PICU (9 high+6 low care) + NICU (16 high care) Website	NRW	1.0	0.5		2020-03-24 12:16:00
57	Krankenhaus Reibek St. Adolf Stift	1 Website	SH	1.0	1.0		2020-03-24 08:42:00
58	Sana-Krankenhaus Hürth GmbH	INT Website	NRW	0.5	0.0		2020-03-24 12:16:00
59	St. Franziskus Hospital Winterberg	Intensiv Website	NRW	1.0	1.0		2020-03-24 08:25:00
60	Johanniter-Krankenhaus Geesthacht	Interdisziplinäre Intensivstation Website	SH	1.0	0.5		2020-03-24 19:10:00
61	Kreisklinken Darmstadt-Dieburg Standort Groß-Umstadt	interdiziplinäre Intensivstation Website	HE	1.0	1.0		2020-03-23 22:21:00
62	Bundeswehrkrankenhaus Ulm - Klinik für Anästhesie u. Intensivmedizin	Intensiv Süd und Intensiv Ost Website	BW	1.0	1.0		2020-03-23 18:29:00
63	Helios-Klinik Rottweil	Intensivstation Website	BW	1.0	1.0		2020-03-23 18:16:00
64	Klinikum Fürth	Website	BY	1.0	1.0		2020-03-24 09:57:00
65	Rotkreuzklinikum München	Website	BY	1.0	0.5		2020-03-23 19:00:00
66	St. Marien-Hospital Hmm gmbH	K, 11 Website	NRW	0.5	0.5		2020-03-23 17:41:00
67	Ketteler Krankenhaus Offenbach	Website	HE	0.5	0.0		2020-03-24 17:21:00
68	Deutsches Herzzentrum Berlin	IPS - K Website	BE	0.0	0.0	0.5	2020-03-23 17:36:00
69	St. Remigius-Krankenhaus Opladen	Intensivstation  Website	NRW	0.5	0.5		2020-03-23 17:16:00
70	Kreiskrankenhaus Osterholz-Scharmbeck	interdisziplinäre Intensivstation  Website	NI	0.0	0.0		2020-03-23 17:10:00
71	Berufsgenossenschaftliche Unfallklinik Frankfurt am Main gGmbH	Intensivstation Website	HE	1.0	1.0		2020-03-23 17:07:00
72	Elbe Klinikum Buxtehude	Website	NI	1.0	1.0		2020-03-23 17:04:00
73	Isar-Amper-Klinikum München -Ost, Klinik für Neurolgie	Website	BY	1.0	1.0		2020-03-23 17:04:00
74	Bürgerhospital Frankfurt am Main	ITS Website	HE	0.0	0.5		2020-03-23 16:59:00
75	GRN Klinik Sinsheim	Intensivstation Website	BW	0.5	1.0		2020-03-23 17:06:00
76	Gemeinschaftsklinikum Mittelrhein, Kinder- und Jugendmedizin, Kemperhof	Neonatologisch-pädiatrische Intensivstation Website	RP	1.0	1.0		2020-03-23 16:57:00
77	Waldklinik Jesteburg Aldag GmbH & Co. KG	Station A Website	NI	0.5	0.0	0.0	2020-03-23 16:59:00
78	Marienhausklinik Ottweiler	Website	SL	1.0	0.5		2020-03-24 13:14:00
79	Schön Klinik Hamburg Eilbek	Station 7A Website	HH	1.0	1.0		2020-03-23 16:50:00
80	BG-Klinikum-Duisburg	Intensivstation Website	NRW	0.5	1.0	1.0	2020-03-24 09:21:00
81	KKB / St. Josef Hospital Bochum, Klinikum der Ruhr-Universität-Bochum	Konservative ITS Website	NRW	0.0	1.0		2020-03-24 07:46:00
82	Immanuel Klinik Rüdersdorf	Intensivstation Website	BB	1.0	1.0		2020-03-24 13:19:00
83	St. Martinus Hospital Olpe	4C - Intensiv Website	NRW	1.0	1.0		2020-03-24 09:21:00
84	Klinikum Görlitz g Gmbh	IMZ Website	SN	0.5	0.5		2020-03-23 15:57:00
85	Krankenhaus Sachsenhausen	Website	MV	1.0	1.0		2020-03-24 08:39:00
86	Asklepios Klinik Barmbek Hamburg	Intensiv B akut&weaning Website	HH	1.0	1.0		2020-03-23 15:16:00
87	Josephs Hospital	Intensivstation Website	NRW	1.0	1.0		2020-03-23 14:45:00
88	KKH Delitzsch GmbH, Klinik Eilenburg	ITS Website	SN	1.0	0.5		2020-03-23 14:44:00
89	Sankt Vincentius  Krankenhaus Speyer	Website	RP	1.0	1.0		2020-03-24 08:19:00
90	Sankt Josef Hospital Xanten	Intensivstation Website	NRW	1.0	1.0		2020-03-23 15:47:00
91	Vitos Weil-Lahn gGmbH (Weilmünster)	Intensivstation Website	HE	1.0	1.0		2020-03-23 14:32:00
92	Malteser Krankenhaus St.Anna	1C Website	NRW	0.5	1.0		2020-03-24 09:36:00
93	Marienhospital Gelsenkirchen (MHG)	INI/OPI Website	NRW	1.0	1.0		2020-03-24 12:33:00
94	Krankenhaus Märkisch-Oderland GmbH	Intensivstation (800) Website	BB	1.0	1.0		2020-03-24 08:27:00
95	Universitätsklnikum des Saarlandes	Intensivstation IOI Website	SL	0.5	0.5	1.0	2020-03-23 14:05:00
96	Werner-Wicker-Klinik	Intensivstation A4 Website	HE	1.0	1.0		2020-03-24 07:50:00
97	Lungenfachklinik Immenhausen	Website	HE	1.0	1.0		2020-03-23 13:57:00
98	Sana Klinik Bad Wildbad	Website	BW	1.0	1.0		2020-03-23 13:53:00
99	Universitätsmedizin Greifswald	ITS1 / ITS2 / ITS3 Website	MV	1.0	1.0	1.0	2020-03-24 14:16:00
100	Bethlehem Gesundheitszentrum Stolberg	B1 Website	NRW	1.0	1.0		2020-03-24 15:18:00
101	Bodden-Kliniken Ribnitz-Damgarten	ITS/IMC Website	MV	1.0	1.0		2020-03-23 13:33:00
102	Vivantes Klinikum am Urban (KAU)	Website	BE	1.0	1.0		2020-03-24 13:34:00
103	Borromäus-Hospital Leer	Intensivstation Website	NI	1.0	1.0		2020-03-24 08:47:00
104	Kreiskrankenhaus Wolgast gGmbH	ITS Website	MV	0.5	0.5		2020-03-23 13:22:00
105	Klinikum Traunstein	Medizinische Intensivstation Website	BY	1.0	1.0	1.0	2020-03-23 13:27:00
106	Sana Kliniken Duisburg	B14/B15 Website	NRW	0.5	1.0		2020-03-24 14:06:00
107	Frauen- und Kinderklinik St. Louise Paderborn	Kinderintensivstation K4 Website	NRW	1.0	1.0		2020-03-23 13:12:00
108	St. Vinzenz Hospital Rheda-Wiedenbrück	Intensivstation Website	NRW	1.0	1.0		2020-03-24 09:01:00
109	Passauer Wolf Rehazentrum Bad Griesbach	Station 1 Website	BY	1.0	1.0		2020-03-23 12:55:00
110	Rheinland Klinikum Dormagen GmbH	ITV Website	NRW	1.0	1.0		2020-03-24 13:37:00
111	HELIOS Park-Klinikum Leipzig	ITS (1H) Website	SN	1.0	1.0		2020-03-23 12:51:00
112	Sana Klinik Bethesda Stuttgart	Website	BW	1.0	0.5		2020-03-23 12:37:00
113	St. Marien-Hospital	Intensiv- und Weaningstation Website	NRW	1.0	1.0		2020-03-23 12:38:00
114	St. Marien-Hospital Mülheim an der Ruhr	Interdisziplinäre Intensivstation Website	NRW	1.0	1.0		2020-03-24 08:15:00
115	Krankenhaus Saarlouis vom DRK	Intensivabteilung Website	SL	1.0	1.0		2020-03-24 13:46:00
116	Klinikum Links der Weser	Intensivstation Website	HB	1.0	1.0	0.5	2020-03-24 08:43:00
117	Klinikum Oberlausitzer Bergland Ebersbach	Intensivstation Website	SN	1.0	1.0		2020-03-24 16:48:00
118	Carl-Thiem-Klinikum Cottbus	Intensivstation Website	BB	1.0	1.0	1.0	2020-03-23 12:06:00
119	St. Augustinus- Krankenhaus Düren	interdisziplinäre Intensivstation Website	NRW	1.0	1.0		2020-03-24 09:36:00
120	St. Vinzenz-Krankenhaus Hanau gGmbH	Interdisziplinäre Intensivstation Website	HE	1.0	1.0		2020-03-23 11:39:00
121	Altmark-Klinikum Krankenhaus Salzwedel gGmbH	Intensivstation Website	ST	0.5	0.5		2020-03-24 15:57:00
122	Krankenhaus Hardheim	Website	BW	1.0	0.5		2020-03-23 11:30:00
123	Elisabethen Klinikum OSK	C11-C22 Website	BW	1.0	1.0		2020-03-24 19:47:00
124	Waldburg-Zeil Akutkliniken GmbH & Co. KG - Fachkliniken Wangen	Pneumologie Website	BW	1.0	1.0		2020-03-23 17:30:00
125	Krankenhaus Porz am Rhein (Köln)	Interdisziplinäre Intensivstation Website	NRW	1.0	1.0		2020-03-24 08:35:00
126	Waldkliniken Eisnebrg/Thüringen	Intensivstation Website	TH	0.5	1.0		2020-03-23 11:00:00
127	Kreiskrankenhaus Frankenberg gGmbH	Website	HE	1.0	1.0		2020-03-24 09:58:00
128	Klinikum Herford	Intensivstation 2, Intensivstation 3 Website	NRW	1.0	1.0	1.0	2020-03-24 14:25:00
129	Helios Mariahilf Hamburg	Erwachsenen- und Kinerintensivstation Website	HH	1.0	1.0		2020-03-23 10:42:00
130	St. Anna-Virngrund-Klinik	Intensivstation Website	BW	1.0	0.0		2020-03-24 15:49:00
131	Johanniter-Krankenhaus Treuenbrietzen	9/ITS Website	BB	0.5	1.0		2020-03-23 10:16:00
132	St. Josef Krakennhaus Herrmeskeil	Interdisziplinäre Intensivstaion Website	RP	1.0	1.0		2020-03-24 09:31:00
133	Schön Klinik Nürnberg Fürth	interdisziplinäre Intensivstation Website	BY	1.0	1.0		2020-03-24 16:58:00
134	Klinikum Bad Bramstedt	IMC A1 Website	SH	1.0	0.0		2020-03-23 10:08:00
135	Deister-Süntel-Klinik Bad Münder	Intensivatation Website	NI	1.0	1.0		2020-03-24 10:06:00
136	Dill-Kliniken Dillenburg (Lahn-Dill-Kliniken)	Interdisziplinäre Intensivstation Website	HE	0.5	1.0		2020-03-23 09:50:00
137	Klinikum der Stadt Ludwigshafen	Intensivstationen Website	RP	1.0	1.0	0.5	2020-03-24 12:50:00
138	Krankenhaus Neuwerk	Intensivstation Website	NRW	1.0	0.5		2020-03-24 08:17:00
139	RKK-Lorreto Krankenhaus Freiburg	Intensivstation  Website	BW	1.0	1.0		2020-03-23 16:03:00
140	OsteMed Kliniken und Pflege GmbH	Intensiv Website	NI	1.0	1.0		2020-03-23 09:04:00
141	Kinderkrankenhaus Amsterdamer Strasse	Interdiziplinäre Pädiatrische Intensivstation Website	NRW	1.0	1.0		2020-03-24 16:38:00
142	Johanna Etienne Krankenhaus	Website	NRW	1.0	1.0		2020-03-24 09:27:00
143	St. Johannes Stift	Intensivstation Website	NRW	1.0	1.0		2020-03-24 14:50:00
144	St. Marienkrankenhaus Ludwigshafen	C1/C2 Website	RP	1.0	1.0		2020-03-24 16:02:00
145	Herzogin Elisabeth Hospital	ITS Website	NI	1.0	1.0		2020-03-23 08:49:00
146	St. Rochus - Hospital	Intensiv Website	NRW	1.0	1.0		2020-03-24 09:23:00
147	Helios Klinik Zerbst/Anhalt	IMC Website	ST	1.0	1.0		2020-03-23 12:46:00
148	Universitätsmedizin Mainz	Insgesamt 6 Intensivstationen Website	RP	1.0	1.0	1.0	2020-03-24 10:06:00
149	Klinik für Pädiatrische Intensivmedizin	4028 Website	HB	1.0	0.5	1.0	2020-03-23 08:32:00
150	DRK Krankenhaus Altenkirchen-Hachenburg (HB)	Intensivstation Website	RP	1.0	1.0		2020-03-23 08:24:00
151	Hospital zum Heiligen Geist Kempen	Intensivstation Website	NRW	1.0	1.0		2020-03-23 08:22:00
152	Sophien- und Hufeland-Klinikum Weimar gGmbH	Intensivstation Website	TH	1.0	1.0		2020-03-24 09:13:00
153	Sankt Katharinen-Krankenhaus	Intensivstation 1A Website	HE	1.0	1.0		2020-03-23 07:04:00
154	Wilhelmsburger Krankenhaus Groß-Sand	Intensivstation Website	HH	1.0	1.0		2020-03-24 11:57:00
155	Westpfalz-Klinikum GmbH	Website	RP	1.0	1.0	1.0	2020-03-24 10:09:00
156	Jüdisches Krankenhaus Berlin	Intensivstation Website	BE	1.0	1.0		2020-03-24 12:06:00
157	St. Nikolas Stiftshostpital Andernach	interdisziplinäre Intensivstation Website	RP	1.0	1.0		2020-03-22 12:30:00
158	Klinikum Weilheim	7 Website	BY	1.0	1.0		2020-03-23 14:16:00
159	Charité - Universitätsmedizin Berlin, Campus Mitte	103i Website	BE	1.0	1.0	1.0	2020-03-24 12:17:00
160	St. Franziskus-Hospital Münster	Intensivstationen 19 und 22 Website	NRW	1.0	1.0	1.0	2020-03-24 10:48:00
161	Malteser Krankenhaus St. Hildegardis	Interdisziplinäre Intensivstation Website	NRW	1.0	1.0		2020-03-24 09:40:00
162	Klinikum Karlsburg	Intensivtherapiestation Website	MV	1.0	1.0	1.0	2020-03-24 16:36:00
163	Herz- und Gefäßzentrum Bad Bevensen	Interdisziplinäre Intensivstation Website	NI	1.0	1.0	1.0	2020-03-23 21:32:00
164	Ev. Diakonissenkrankenhaus Leipzig	Intensivstation Website	SN	1.0	1.0		2020-03-23 15:21:00
165	Karl-Olga-Krankenhaus Stuttgart	A5 Website	BW	0.0	0.5		2020-03-21 19:09:00
166	Deutsches Herzzentrum Berlin	Kardiochirurgische Intensivmedizin Website	BE	0.0	0.5	0.5	2020-03-21 19:00:00
167	Klinik Schillerhöhe Robert-Bosch-Krankenhaus	Intensiv Website	BW	1.0	1.0	1.0	2020-03-21 16:28:00
168	Sana Klinik Oldenburg in Holstein	Intensivstation Website	SH	1.0	1.0		2020-03-21 16:02:00
169	Diakoneo Klinik Hallerwiese - Cnopfsche Kinderklinik Nürnberg	Intensivstation Website	BY	1.0	1.0		2020-03-23 18:32:00
170	Klinik Neustadt an der Aisch	Intensivstation Website	BY	1.0	1.0		2020-03-21 15:49:00
171	KMG Klinikum Pritzwalk	Intensivtation Website	BB	1.0	1.0		2020-03-23 11:55:00
172	Kliniken des Landkreises Neumarkt i.d.OPf. / Klinikum Neumarkt	Intensivstation 1A Website	BY	0.0	0.5		2020-03-24 10:00:00
173	Helios St. Marienberg Klinik Helmstedt	11/12 Website	NI	1.0	1.0		2020-03-24 08:56:00
174	Helios Klinikum München West	2A ICU Website	BY	0.0	1.0		2020-03-21 13:59:00
175	Asklepiosklinik Melsungen	Website	HE	1.0	1.0		2020-03-24 09:22:00
176	St. Elisabeth Krankenhaus Jülich	Interdisziplinäre Intensivstation Website	NRW	0.5	0.5		2020-03-22 17:08:00
177	Helios St. Marienberg Klinik Helmstedt	ITS / Covid19 Website	NI	1.0	1.0		2020-03-21 13:33:00
178	Klinikum Christophsbad Göppingen	NE 1 Website	BW	1.0	0.0		2020-03-21 13:08:00
179	Krankenhaus Düren gGmbH	1b und 2C Website	NRW	0.0	0.0		2020-03-24 08:52:00
180	Asklepios Klinikum Schwalmstadt	Intensivstation Website	HE	1.0	1.0		2020-03-24 12:47:00
181	Heinrich-Braun-Klinikum Zwickau gGmbH, Intensivbereiche	Intensivbereiche Website	SN	1.0	1.0	0.5	2020-03-24 08:27:00
182	Westküstenklinikum Heide	Interdisziplinäre Intensivstation Website	SH	0.0	1.0	0.5	2020-03-21 12:40:00
183	DRK Krankenhaus Altenkirchen	Intensiv  Website	RP	1.0	0.5		2020-03-22 09:37:00
184	St. Elisabeth-Hospital Beckum	Intensivstation Website	NRW	1.0	1.0		2020-03-23 20:18:00
185	Klinikum Mittleres Erzgebirge	ITS/IMC Website	SN	1.0	0.5		2020-03-21 11:23:00
186	Charité, Campus Virchow-Klinikum , Chirurgische Klinik, ITS 21i Schwerpunkt Transplantation	21i Website	BE	0.5	0.5		2020-03-23 22:39:00
187	Evang. Amalie Sieveking Krankenhaus	Intensiv Website	HH	1.0	1.0		2020-03-24 16:39:00
188	Städtsiches Krankenhaus Nettetal GmbH	Intensiv Website	NRW	0.5	1.0		2020-03-24 15:53:00
189	Darmstädter Kinderkliniken Prinzessin Margaret	Station D Website	HE	1.0	1.0		2020-03-21 10:22:00
190	Universitätsklinikum Frankfurt am Main	C1, anästh.-operative Intensivstation Website	HE	1.0	1.0	1.0	2020-03-24 20:00:00
191	Antonius Krankenhaus Köln	Intenisvstation Website	NRW	0.5	1.0		2020-03-24 09:46:00
192	Sana Kliniken Ostholstein GmbH - Klinik Eutin	interdisziplinäre Intensivstation Website	SH	1.0	1.0		2020-03-21 10:05:00
193	AGAPLESION Ev. Krankenhaus Mittelhessen	Website	HE	1.0	1.0	1.0	2020-03-24 11:39:00
194	Städtische Kliniken Mönchengladbach	Interdisziplinäre Intensivstation Website	NRW	1.0	1.0		2020-03-22 09:47:00
195	Helios Klinik Blankenhain	Intensivstation Website	TH	1.0	1.0		2020-03-22 21:20:00
196	Kreisklinik Bogen	2.2 Website	BY	1.0	1.0		2020-03-21 08:42:00
197	Helios Klinik Wipperfürth	1C Intensivstation Website	NRW	1.0	1.0		2020-03-23 11:26:00
198	Klinikum Bielefeld gGmbH	KAINS - Intensivkoordination Website	NRW	0.5	1.0	0.5	2020-03-24 16:18:00
199	St. Elisabeth Hospital Iserlohn	Intensivstation Website	NRW	1.0	1.0		2020-03-20 23:26:00
200	Klinik Kitzinger Land	Interdisziplinäre Intensivstation Website	BY	0.5	0.5		2020-03-24 16:58:00
201	Asklepios Klinik Seligenstadt	Intensivstation Website	HE	0.5	0.0		2020-03-24 09:34:00
202	OSK Westallgäuklinikum Wangen	Interdisziplinäre Intensivstation Website	BW	0.5	1.0		2020-03-24 13:41:00
203	Bethanien Krankenhaus Solingen	pneumologische Intensivstation  Website	NRW	0.0	1.0	1.0	2020-03-24 12:31:00
204	Kreiskliniken Darmstadt-Dieburg Standort Jugenheim	Intensivstation Website	HE	1.0	1.0		2020-03-22 20:27:00
205	St. Willibrord-Spital Emmerich-Rees	Intensivstation Website	NRW	0.5	0.5		2020-03-24 08:42:00
206	Euregio-Klinik Albert-Schweitzer-Straße	Interdisziplinäre Intensivstation Website	NI	1.0	1.0		2020-03-24 20:31:00
207	St.- Elisabeth Krankenhaus Dorsten	Intensivstation Website	NRW	1.0	0.0		2020-03-24 17:28:00
208	Helios Klinikum Krefeld	B1A1/B1C1/B1A2/B1B2/A2A1/A1A1-D Website	NRW	1.0	1.0	1.0	2020-03-23 10:02:00
209	Evangelisches Klinikum Bethel, Bethel	M1, M10, K1, K2, AN-01, AN-02 Website	NRW	1.0	1.0		2020-03-24 07:27:00
210	Klinik Neustadt a. d. Aisch	Intensivstation Website	BY	0.5	1.0		2020-03-23 14:28:00
211	Helios Klinikum Niederberg	Intensivstation Station 14 Website	NRW	1.0	0.5		2020-03-24 13:13:00
212	medius KLINIKEN KIRCHHEIM|NÜRTINGEN	Website	BW	0.5	1.0		2020-03-24 18:42:00
213	Paracelsus-Klinik Zwickau	ITS Website	SN	0.5	0.5	0.0	2020-03-24 17:04:00
214	medius KLINIK OSTFILDERN-RUIT	Website	BW	0.5	0.5		2020-03-24 18:39:00
215	Robert-Bosch Krankenhaus	Innere Intensivstation 1D / IMC 3C Website	BW	1.0	1.0	0.5	2020-03-24 10:17:00
216	Vivantes Humboldt-Klinikum	19 Website	BE	1.0	1.0		2020-03-24 19:02:00
217	Oberschwabenklinik Bad Waldsee	ITS Website	BW	1.0	0.0		2020-03-24 11:51:00
218	Allgemeines Krankenhaus Celle	M0 Website	NI	1.0	1.0		2020-03-20 18:39:00
219	Charité CVK Kinderklinik (OHC) - interdisziplinäre Kinderintensivstation	Station 25i Website	BE	1.0	0.0		2020-03-24 09:19:00
220	Caritaskrankenhaus Bad Mergentheim	Z1/ Z2 Website	BW	1.0	1.0		2020-03-20 18:41:00
221	AK Nord, Hamburg, Pädiatrische Intensivstation	Pädiatrische Intensivstation H71B Website	HH	1.0	1.0		2020-03-20 18:34:00
222	Klinikum Kempten, Klinikverbund Allgäu	Interdisziplinäre Intensivstation D01 Website	BY	0.5	1.0		2020-03-24 08:37:00
223	MediClin Herzzentrum Coswig	ITS/IMC Website	ST	1.0	1.0	1.0	2020-03-20 18:33:00
224	SLK-Klinikum am Gesundbrunnen Heilbronn	Website	BW	1.0	1.0	1.0	2020-03-23 06:45:00
225	MEDICLIN Müritz-Klinikum	ITS Website	MV	1.0	1.0		2020-03-22 18:04:00
226	Asklepios Klinik Oberviechtach	IMC Website	BY	1.0	0.0		2020-03-22 00:40:00
227	Charité Universitätsmedizin Medizinische Klinik für Kardiologie CBF	s32a Website	BE	1.0	0.5	1.0	2020-03-22 11:43:00
228	Klinikum Itzehoe	19, 10, 01 Website	SH	1.0	1.0		2020-03-24 14:20:00
229	ALB FILS KLINIKEN, Standort: Klinik am Eichert	Zentrum für Intensivmedizin Website	BW	1.0	1.0		2020-03-23 17:55:00
230	Universitätsklinikum Marburg UKGM	Intensivstation 2a/b Website	HE	1.0	1.0	1.0	2020-03-24 11:10:00
231	St. Vinzenz-Krankenhaus	Intensivstation, interdisziplinär Website	NRW	1.0	1.0		2020-03-24 11:39:00
232	Israelitisches Krankenhaus	Intensivstation Website	HH	1.0	1.0		2020-03-20 17:19:00
233	Evangelisches Klinikum Bethel, Johannesstift	Website	NRW	0.5	1.0		2020-03-24 07:29:00
234	AMEOS Klinikum Schönebeck	Innere ITS Website	ST	1.0	1.0		2020-03-23 10:33:00
235	REGIOMED Klinikum Coburg	41/42 Website	BY	1.0	1.0	0.5	2020-03-23 20:45:00
236	Malteser Krankenhaus St. Carolus	Intensivstation Website	SN	1.0	1.0		2020-03-24 10:06:00
237	Helios Klinikum Hildesheim internistische Intensiv	B2 Intensiv Website	NI	0.0	1.0		2020-03-24 10:27:00
238	St. Josef Hospital Med. Klinik I (Kardiologie-Intensivmedizin)	Kardiologie - Intensivstation Website	NRW	0.5	0.5		2020-03-24 16:16:00
239	Klinikum Worms	Interdisziplinäre Intensivstationen Website	RP	1.0	1.0		2020-03-24 13:49:00
240	Drk Kliniken Berlin Westend	Intensivstation Website	BE	1.0	1.0		2020-03-24 12:48:00
241	Asklepios Paulinen Klinik Wiesbaden	Intensivstation  Website	HE	1.0	1.0		2020-03-20 16:30:00
242	Kinderklinik und Kinderpoliklinik im Dr. von Haunerschen Kinderspital der LMU München	Interdisziplinäre Kinderintensivstation Website	BY	1.0	1.0		2020-03-24 18:05:00
243	Kreiskrankenhaus Prenzlau	ITS Website	BB	1.0	0.5		2020-03-21 09:32:00
244	Marien-Hospital	Interdisziplinäre Intensivstation Website	NRW	1.0	1.0		2020-03-24 18:43:00
245	Klinikum am Steinenberg	D5i Website	BW	1.0	1.0	1.0	2020-03-23 15:21:00
246	Herz jesu Krankenhaus Münster-Hiltrup	Intensivstation 1b Website	NRW	1.0	1.0		2020-03-24 16:06:00
247	Evangelisches Stadtkrankenhaus Saarbrücken	Interdisziplinäre Intensivstation Website	SL	1.0	1.0		2020-03-20 15:34:00
248	Filderklinik	Intensiv Website	BW	1.0	1.0		2020-03-23 13:08:00
249	Asklepios Südpfalzklinik Germersheim	Intensivstation Website	RP	1.0	1.0		2020-03-24 09:15:00
250	Heilig Geist-Krankenhaus	interdisziplinäre Intensivstation Website	NRW	1.0	0.5		2020-03-24 17:51:00
251	Altonaer Kinderkrankenhaus	Kinderintensivstation Website	HH	1.0	1.0		2020-03-23 13:20:00
252	Sana HANSE-Klinikum Wismar GmbH	C2 Website	MV	1.0	1.0		2020-03-23 11:56:00
253	Asklepios Stadtklinik Bad Wildungen	Intensivstation Website	HE	1.0	1.0		2020-03-24 19:41:00
254	Klinikum Ernst von Bergmann Potsdam	Website	BB	0.5	1.0		2020-03-24 19:22:00
255	MEDIAN Klinik NRZ Magdeburg	Website	ST	0.0	0.0		2020-03-20 14:53:00
256	Klinikum Westfalen - Knappschaftskrankenhaus Dortmund	Zentrum Interdisziplinäre Intensivmedizin Website	NRW	0.5	1.0	1.0	2020-03-24 17:00:00
257	Evangelische Lungenklinik Berlin	Intensivstation 2 Website	BE	0.5	0.0		2020-03-24 08:15:00
258	COLLM KLINIK OSCHATZ	Intensivstation Website	SN	1.0	1.0		2020-03-24 09:48:00
259	Herzzentrum Leipzig	Website	SN	1.0	1.0	1.0	2020-03-22 09:58:00
260	KMG Klinikum Kyritz	ITS / IMC Website	BB	0.5	1.0		2020-03-24 16:00:00
261	Carl-von-Basedow-Klinikum	Website	ST	1.0	1.0	1.0	2020-03-23 16:07:00
262	Evangelisches Krankenhaus Lippstadt gGmbH	ITS Website	NRW	1.0	1.0		2020-03-20 14:06:00
263	Diakomed - Diakoniekrankenhaus Chemnitzer Land gGmbH	Interdisziplinäre Intensivtherapiestation Website	SN	1.0	1.0		2020-03-23 12:43:00
264	Krankenhaus Barmherzige Brüder Regensburg	IVK Website	BY	1.0	1.0	1.0	2020-03-22 12:19:00
265	Hochwaldkrankenhaus Bad Nauheim	interdisziplinäre Intensivstation Website	HE	0.5	0.0		2020-03-20 13:40:00
266	St. Marien-Krankenhaus Siegen GmbH	A0 Website	NRW	0.5	1.0		2020-03-24 07:26:00
267	Fachkrankenhaus Hubertusburg gGmbH	Neurologische Intensivstation Website	SN	0.5	1.0		2020-03-23 09:22:00
268	Asklepios Orthopädische Klinik Hohwald	IMC Website	SN	1.0	1.0		2020-03-20 13:27:00
269	Pleissentalklinik Werdau	11 Website	SN	1.0	1.0		2020-03-24 14:34:00
270	Asklepios Klinik Nord	Intensivstation Website	HH	0.0	0.5	1.0	2020-03-23 17:15:00
271	Asklepios Klinik Pasewalk	Intensivstation Website	MV	1.0	1.0		2020-03-24 13:52:00
272	Kreiskrankenhaus Prignitz	ITS Website	BB	1.0	0.5		2020-03-21 12:10:00
273	SRH Klinikum Karlsbad-Langensteinbach GmbH	Website	BW	1.0	1.0		2020-03-23 10:21:00
274	Sächsische Schweiz Klinik Sebnitz	Interdisziplinäre Intensivstation Website	SN	0.5	1.0		2020-03-24 14:15:00
275	Kreiskliniken Günzburg-Krumbach, Klinik Günzburg	GS8 Intensiv Website	BY	1.0	1.0		2020-03-21 12:23:00
276	Vivantes Klinikum Spandau (KSP)	Website	BE	1.0	1.0		2020-03-24 13:39:00
277	Vivantes Klinikum im Friedrichshain (KFH)	Website	BE	1.0	1.0	1.0	2020-03-24 13:38:00
278	Leopoldina Krankenhaus Schweinfurt	Intensivstationen Website	BY	1.0	1.0		2020-03-24 12:46:00
279	Vivantes Humboldt-Klinikum (HUK)	Website	BE	1.0	1.0		2020-03-23 13:30:00
280	Knappschaftskrankenhaus Recklinghausen	Intensivstation Website	NRW	1.0	1.0		2020-03-20 12:20:00
281	Caritas-Klinik Dominikus Berlin-Reinickendorf	Interdiziplinäre Intensivstation Website	BE	1.0	1.0		2020-03-23 09:30:00
282	Vivantes Auguste-Viktoria-Klinikum (AVK)	Website	BE	1.0	1.0		2020-03-24 13:32:00
283	Klinikum Mittelmosel Zell	Intensivstation Website	RP	1.0	0.5		2020-03-20 12:20:00
284	Paracelsus-Klinik Marl	Intensivstation Website	NRW	1.0	1.0		2020-03-20 12:15:00
285	Mariannen-Hospital Werl	Intensiv Website	NRW	1.0	1.0		2020-03-24 07:14:00
286	SRH Waldklinikum Gera	Interdisziplinäre Intensivstation Website	TH	0.5	0.5		2020-03-20 12:10:00
287	KKH Demmin	ITS Website	MV	1.0	0.5		2020-03-22 12:56:00
288	Ev. Krankenhaus Göttingen Weende	Interdisziplinäre Intensivstation Website	NI	1.0	1.0		2020-03-23 16:14:00
289	Städt. Klinikum Lüneburg gGmbH	Website	NI	1.0	1.0		2020-03-23 09:00:00
290	Marienhausklinikum Eifel, Standort Bitburg	6 Website	RP	1.0	1.0		2020-03-20 11:55:00
291	Klinikum Dahme Spreewald GmbH, Spreewaldklinik Lübben	ITS Website	BB	0.5	1.0		2020-03-24 08:54:00
292	Krankenhaus vom Roten Kreuz Bad Cannstatt GmbH	Internistische Intensivstation Website	BW	0.0	0.0		2020-03-24 12:51:00
293	St. Josefs-Krankenhaus Potsdam-Sanssouci	Interdisziplinäre Intensivstation Website	BB	1.0	1.0		2020-03-24 12:16:00
294	Asklepios Südpfalzklinik Kandel	Intensiv/IMC Website	RP	1.0	1.0		2020-03-24 08:56:00
295	St. Franziskus-Hospital Lohne	10 Website	NI	1.0	1.0		2020-03-24 09:00:00
296	radprax Krankenhaus Plettenberg	5 Website	NRW	1.0	1.0		2020-03-20 10:37:00
297	Krankenhaus St. Josef  Schweinfurt	Interdisziplinäre Intensivstation Website	BY	1.0	1.0		2020-03-24 13:40:00
298	Kardinal v. Galen Klinik, St. Elisabeth Damme	ICU Website	NI	1.0	1.0		2020-03-20 10:28:00
299	KJF Klinik St. Elisabeth	interdisziplinäre Intensivstation Website	BY	1.0	1.0		2020-03-24 07:34:00
300	Schön Klinik Neustadt	Website	SH	1.0	1.0		2020-03-23 11:32:00
301	Klinikum Passau, Klinik für Anästhesiologie und operative Intensivmedizin	Intensivstationen 24 und 24a Website	BY	1.0	0.5	0.5	2020-03-24 15:34:00
302	Universitätsklinikum Leipzig, Kinderklinik	Interdisziplinäre Kinderintensivstation Website	SN	1.0	1.0		2020-03-24 17:17:00
303	Helios Park-Klinikum Leipzig	Website	SN	0.5	0.5		2020-03-24 11:20:00
304	Maria-Theresia-Klinik	Station 3 Website	BY	1.0	1.0		2020-03-20 09:56:00
305	Kreiskrankenhaus Bergstraße	Interdisziplinäre Intensivstation Website	HE	0.5	0.5		2020-03-20 10:54:00
306	Klinikum Landau-Südliche Weinstraße GmbH, Standort Landau	Intensivstation Website	RP	1.0	0.5		2020-03-24 08:53:00
307	Marienhospital Wesel	Interdisziplinäre Intensivstation Website	NRW	1.0	1.0		2020-03-23 08:27:00
308	Krankenhaus Waldfriede	Interdisziplinäre Intensivstation Website	BE	1.0	1.0		2020-03-23 15:56:00
309	Klinik Amsee GmbH	Website	MV	1.0	1.0		2020-03-24 13:39:00
310	Park-Klinik Weissensee	Intensivstation Website	BE	1.0	1.0		2020-03-24 14:51:00
311	Evangelische Krankenhaus (EvK) Herne-Mitte	Intensivstation Website	NRW	1.0	1.0		2020-03-24 08:34:00
312	Klinikum Altenburger Land	25 Website	TH	1.0	1.0		2020-03-24 08:54:00
313	Heliosklinikum Warburg	Intensivstation/IMC Website	NRW	1.0	1.0		2020-03-24 08:19:00
314	Klinikum St. Georg Leipzig gGmbH	Website	SN	0.0	0.5		2020-03-20 10:15:00
315	Klinikum Barnim GmbH, Werner Forßmann Krankenhaus Eberswalde	Intensivstation 1; Intermediate Care Station 14 Website	BB	1.0	1.0	0.0	2020-03-20 08:53:00
316	Kliniken Erlabrunn gGmbH	Interdisziplinäre ITS/IMC/Stroke Unit Website	SN	0.5	0.5		2020-03-24 13:09:00
317	Asklepios Klinik Parchim	Station 5  - ITS - Website	MV	1.0	1.0	0.0	2020-03-20 08:45:00
318	Asklepios Westklinikum, Hamburg Rissen	Intensivstation Website	HH	0.5	0.5	0.0	2020-03-20 12:12:00
319	St. Ansgar Krankenhaus Höxter (Klinikverbund KHWE)	Website	NRW	1.0	1.0	1.0	2020-03-20 08:51:00
320	Katharinen-Hospital Unna	1a Website	NRW	1.0	1.0		2020-03-24 07:12:00
321	Regio Kliniken Kreis Pinneberg Standort Elmshorn	3 F Website	SH	0.5	1.0		2020-03-24 10:24:00
322	BG Klinikum Bergmannstrost Halle	Interdisziplinäre Intensivstationen Website	ST	1.0	1.0		2020-03-24 09:17:00
323	Universitätsklinikum Augsburg	Corona-ICU Website	BY	1.0	1.0	1.0	2020-03-24 09:36:00
324	Klinik Preetz	ITS Stat. 2 Website	SH	1.0	1.0	0.0	2020-03-24 16:08:00
325	St. Marienwörth	Intensiv Website	RP	1.0	1.0		2020-03-24 15:21:00
326	SANA Kliniken Sommerfeld	IMC Website	BB	0.0	0.0	0.0	2020-03-20 07:12:00
327	Krankenhaus Martha-Maria Halle-Dölau	Interdisziplinäre Intensivstation Website	ST	0.5	1.0	0.0	2020-03-20 07:07:00
328	Ev. Krankenhaus Wesel	IBS Website	NRW	0.5	1.0		2020-03-21 07:20:00
329	Rottal-Inn Kliniken KU - Eggenfelden	Intensivstation Website	BY	0.0	0.0		2020-03-23 16:12:00
330	Charité,  Chirurgische Klinik, Campus Virchow-Klinikum	Chirurgische Intensivstation 9i Website	BE	1.0	1.0		2020-03-23 21:42:00
331	Friedrich-Ebert-Krankenhaus Neumünster	59 Website	SH	1.0	1.0		2020-03-22 10:07:00
332	EvangelischeElisabeth Klinik Berlin	Intensivstation 7 Website	BE	0.5	0.5		2020-03-24 17:27:00
333	St. Josef-Krankenhaus Engelskirchen	Intensivstation Website	NRW	0.5	1.0		2020-03-24 16:41:00
334	Asklepios Klinikum Hamburg-Harburg	Interdisziplinäre Intensivstation 11 Website	HH	1.0	0.0	0.0	2020-03-24 17:42:00
335	St. Elisabeth & St. Barbara Krankenhaus	ITS 1 Website	ST	1.0	1.0		2020-03-23 07:43:00
336	Sana Klinikum Remscheid	Interdisziplinäre Intensivstation Website	NRW	1.0	1.0		2020-03-24 16:05:00
337	Städtisches Klinikum Brandenburg GmbH Hochschulklinikum der MHB	ITS 1+2 Website	BB	1.0	1.0		2020-03-24 14:05:00
338	Rhön Klinikum Campus Bad Neustadt	Intensivstation Website	BY	1.0	1.0	1.0	2020-03-23 16:50:00
339	St. Joseph Krankenhaus	Station 28 Website	BE	1.0	1.0		2020-03-24 17:11:00
340	Klinikum Dahme Spreewald GmbH, Achenbach Krankenhaus	ITS Website	BB	0.5	1.0		2020-03-24 12:18:00
341	Klinikverbund St. Antonius und St. Josef GmbH	Website	NRW	1.0	1.0	0.0	2020-03-24 16:19:00
342	Sana-Herzzentrum Cottbus GmBh	Intensivstation Website	BB	0.0	1.0	1.0	2020-03-24 15:46:00
343	Alb Donau Klinikum- Standort Ehingen	Intensivstation Website	BW	1.0	1.0	0.0	2020-03-19 17:25:00
344	Universität Magdeburg, Klinik für Kardiologie und Angiologie	KAR3I	ST	0.0	1.0	1.0	2020-03-19 16:57:00
345	St. Bernhard-Hospital Brake	ITS Website	NI	0.5	0.5	0.0	2020-03-19 16:55:00
346	Helios Klinikum Schleswig	Interdiszipliäre Intensivmedizin Website	SH	1.0	1.0		2020-03-24 08:25:00
347	KRH Siloah Hannover	Intensivstation Website	NI	1.0	1.0	1.0	2020-03-19 16:31:00
348	Asklepios Klinik Altona	2C und 2I Website	HH	1.0	1.0		2020-03-24 08:34:00
349	Universität München Campus Innenstadt	Anaesthesiologisch-Chirurgische Intensivstation ANIS5	BY	1.0	1.0		2020-03-19 16:11:00
350	Sana Kliniken des Landkreises Cham	Interdisziplinäre Intensivstation Website	BY	1.0	1.0		2020-03-23 13:13:00
351	Universitätsklinikum Schleswig-Holstein Campus Lübeck	Sektion Interdisziplinäre Konservative Intensivmedizin Website	SH	1.0	1.0	1.0	2020-03-23 11:19:00
352	Alb-Donau-Klinikum Blaubeuren	Interdisziplinäre Intensivstation	BW	1.0	1.0		2020-03-19 15:22:00
353	Asklepios Klinik Lindau	ITS Website	BY	1.0	1.0		2020-03-23 08:49:00
354	Klinik für Neurologie am Universitätsklinikum des Saarlandes, Homburg/Saar	NN-05 und NN-01 Website	SL	0.5	0.5		2020-03-20 13:46:00
355	Kreisklink Wertingen	IPS/IMC Website	BY	1.0	1.0		2020-03-24 17:20:00
356	Rotkreuzklinik Wertheim	Intensiv Website	BW	1.0	1.0		2020-03-24 14:32:00
357	Asklepios Klinik Birkenwerder	ITS Website	BB	0.5	0.5		2020-03-20 13:44:00
358	Gesundheitszentrum Odenwaldkreis GmbH	Intensivstation I + II Website	HE	1.0	1.0	0.0	2020-03-19 21:48:00
359	Universitätsklinikum Jena	Intensivmedizin Website	TH	0.5	1.0	0.5	2020-03-23 18:15:00
360	Diakoneo Rangauklinik Ansbach GmbH	9 Website	BY	0.0	0.0		2020-03-23 10:03:00
361	Rhein-Mosel-Fachklinik Andernach	Neurologie 3 Website	RP	1.0	1.0	0.0	2020-03-19 18:36:00
362	Universitätsklinikum Marien Hospital Herne	interdisziplinäre Intensivstation Website	NRW	1.0	1.0	1.0	2020-03-24 10:02:00
363	Universitätsmedizin Rostock - Teilkörperschaft der Universität Rostock	Neurologische Intensivstation Website	MV	0.5	0.5	0.0	2020-03-19 16:10:00
364	EVK Mettmann	Interdisziplinäre Intensivstation Website	NRW	0.0	1.0		2020-03-24 14:05:00
365	Sächsisches Krankenhaus Arnsdorf	Intensivstation Website	SN	0.0	0.5	0.0	2020-03-19 14:09:00
366	Krankenhaus Angermünde	Intensivstation Website	BB	1.0	1.0		2020-03-24 16:23:00
367	Krankenhaus Maria Hilf MAW	Intensiv Website	RP	1.0	1.0	0.0	2020-03-23 16:17:00
368	Marienhausklinik St. Josef Losheim am See	Intensivstation Website	SL	1.0	1.0	0.0	2020-03-23 15:15:00
369	St. Franziskus Hospital Ahlen	1F Website	NRW	1.0	1.0		2020-03-19 13:38:00
370	Asklepios Stadtklinik Bad Tölz	Intensivstation Website	BY	1.0	1.0		2020-03-24 10:41:00
371	Kreiskrankenhaus Saarburg GmbH	Intensivstation Website	RP	1.0	1.0		2020-03-24 12:52:00
372	Caritas Krankenhaus St. Josef	Interdisziplinäre Intensivstation Website	BY	0.5	0.5	1.0	2020-03-24 09:57:00
373	Kreisklinik Wörth an der Donau	Interdisziplinäre Intensivstation Website	BY	1.0	1.0		2020-03-24 08:51:00
374	Städtisches Klinikum Dresden- Standort Neustadt	Intensivstation S216 Website	SN	1.0	0.5	0.0	2020-03-19 13:22:00
375	Evangelische Lungenklinik Berlin	Intensivstation 1 Website	BE	1.0	1.0		2020-03-24 15:01:00
376	Sana-Klinikum Hameln	C2 Website	NI	0.5	0.5		2020-03-24 07:56:00
377	Vincenz-Krankenhaus Datteln	Intensivstation Website	NRW	0.0	1.0		2020-03-24 09:56:00
378	Havelland Kliniken Standort Rathenow	Intensivstation Website	BB	0.0	1.0		2020-03-24 09:22:00
379	ViDia Diakonissenkrankenhaus	Intensivstation Website	BW	0.5	0.5	0.0	2020-03-21 16:15:00
380	Klinikum Nürnberg Süd	Internistische Intensivstation B.U1.3-5 Website	BY	1.0	1.0	1.0	2020-03-24 14:30:00
381	Johanniter Gmbh - Waldkrankenhaus Bonn	Interdisziplinäre Intensivstation Website	NRW	0.0	0.0		2020-03-19 12:46:00
382	Klinikum Osnabrück	0541 405 5500 Website	NI	1.0	1.0	1.0	2020-03-21 13:37:00
383	Vivantes Klinikum Neukölln	ITS 2 Website	BE	0.5	1.0	0.0	2020-03-24 14:33:00
384	GRN-Klinik Schwetzingen	Intensivstation Website	BW	1.0	0.5		2020-03-22 19:44:00
385	Asklepios Klinik Kinderklinik Sankt Augustin	KITZ Website	NRW	1.0	1.0		2020-03-24 08:09:00
386	Sankt Gertrauden Krankenhaus GmbH	ITS-35 Website	BE	1.0	1.0		2020-03-23 10:30:00
387	Allgemeines Krankenhaus Viersen	interdisziplinäre Intensivstation Website	NRW	1.0	1.0	1.0	2020-03-24 13:04:00
388	SMH Hospital Düren gGmbH	Intensivstation Erwachsene Website	NRW	0.5	0.5		2020-03-24 09:37:00
389	Agaplesion Diakonieklinikum Hamburg	D1 Website	HH	1.0	0.5		2020-03-24 13:23:00
390	St. Elisabeth Krankenhaus Lahnstein - Ihr Gesundeheitszentrum - GmbH	Intensivstation Website	RP	0.0	0.5		2020-03-24 10:11:00
391	Asklepios-ASB Klinik Radeberg	Interdisziplinäre Intensivstation Website	SN	1.0	1.0		2020-03-24 11:05:00
392	Bundeswehrkrankenhaus Berlin	Interdisziplinäre Intensivstation Website	BE	1.0	1.0	1.0	2020-03-24 16:23:00
393	Havelland-Kliniken Standort Nauen	Intensivstation Website	BB	0.0	1.0		2020-03-24 16:21:00
394	Sana Klinikum Lichtenberg	7a/IMC Website	BE	1.0	1.0		2020-03-24 19:55:00
395	Schön Klinik Düsseldorf	Interdisziplinäre Intensivstation Website	NRW	1.0	1.0		2020-03-24 11:13:00
396	Stauferklinikum Schwäbisch Gmünd	19 Website	BW	1.0	1.0	0.0	2020-03-24 16:04:00
397	Städtisches Krankenhaus Eisenhüttenstadt GmbH	Intensivstation Website	BB	1.0	1.0	0.0	2020-03-24 07:38:00
398	Sana Krankenhaus Benrath	Interdisziplinäre Intensistation Website	NRW	0.0	0.5	0.0	2020-03-24 07:52:00
399	Johanniter Krankenhaus Bonn	Interdisziplinäre Intensivstation Website	NRW	1.0	1.0	0.0	2020-03-19 15:17:00
400	Herz-Jesu-Krankenhaus Dernbach	Website	RP	0.0	1.0		2020-03-24 11:01:00
401	Herzzentrum Dresden Klinik für Herzchirurgie	Intensiv 2B Website	SN	0.0	1.0	1.0	2020-03-24 14:53:00
402	SANA Klinikum Offenbach	S2A Website	HE	1.0	1.0	0.5	2020-03-24 09:06:00
403	Klinikum Würzburg Mitte Standort Missioklinik, Salvatorstrasse 7, 97074 Würzburg	Intensivstation Website	BY	0.5	1.0		2020-03-22 11:36:00
404	Klinikum Nordfriesland, Klinik Husum	Interdisziplinäre Intensivstation Website	SH	1.0	1.0	0.0	2020-03-20 11:03:00
405	Asklepios Klinik Weißenfels	Interdisziplinäre Intensivstation (S 1) Website	ST	1.0	0.5		2020-03-24 17:19:00
406	Helios-Kliniken Mittelweser	Website	NI	0.5	1.0		2020-03-24 08:59:00
407	Klinikum Frankfurt Oder GmbH	63A+B Website	BB	0.0	1.0		2020-03-24 18:41:00
408	Sana Kliniken Leipziger Land	Intensivstation  Website	SN	1.0	1.0		2020-03-24 07:19:00
409	Lukaskrankenhaus Neuss	Pädiatrische Intensivstation Website	NRW	1.0	0.5	0.0	2020-03-19 10:58:00
410	Agaplesion Diakonieklinikum Rotenburg	Website	NI	1.0	1.0		2020-03-24 14:04:00
411	Kliniken Essen-Mitte Ev. Krankenhaus Werden	INTW Website	NRW	0.5	0.5		2020-03-24 08:25:00
412	Pädiatrische Intensivstation Universitätskinderklinik Magdeburg	PAEI1 Website	ST	1.0	0.5		2020-03-19 10:54:00
413	Diakonie-Klinikum Stuttgart	Corona ITS/ IMC  Website	BW	0.0	0.0		2020-03-24 14:31:00
414	Helios Klinik Köthen	Intensivstation Website	ST	1.0	1.0		2020-03-20 11:15:00
415	Asklepios Klinik St. Georg, Hamburg	E1/E3/F2 Website	HH	1.0	1.0	1.0	2020-03-23 11:25:00
416	Evangelisches Krankenhaus Königin Elisabeth Herzberge	IC1 IC2 Website	BE	0.0	0.0	0.0	2020-03-21 14:06:00
417	Lausitzer Seenland Klinikum GmbH	Intensivstation Website	SN	1.0	1.0		2020-03-24 18:29:00
418	Katholisches Krankenhaus St. Johann Nepomuk Erfurt	Interdisziplinäre Intensivtherapiestation	TH	0.0	0.5	0.0	2020-03-19 10:31:00
419	Klinikum Konstanz - GLKN	Interdisziplinäre Intensivstation Website	BW	1.0	1.0		2020-03-23 09:27:00
420	Krankenhaus-Landshut-Achdorf	Intensivstation Website	BY	0.0	1.0		2020-03-24 09:56:00
421	Sana Klinikum Hof, Eppenreuther Str. 9, 95932 Hof	ITS Website	BY	0.0	0.5		2020-03-24 13:43:00
422	Klinikum Südstadt Rostock	Intensivbereich Website	MV	1.0	1.0		2020-03-24 18:47:00
423	SANA Herzzentrum Dresden	Kardiologische Intensivstation Website	SN	0.0	1.0	1.0	2020-03-24 12:43:00
424	Klinik Eichstätt, Interdisziplinäre ITS	Intensivstation Website	BY	1.0	1.0		2020-03-24 11:11:00
425	Marienkrankenhaus Hamburg	Med Intensiv /Op Intensiv Website	HH	1.0	1.0	1.0	2020-03-24 09:33:00
426	Sankt Gertrauden Krankhaus GmbH	Station 05 Website	BE	1.0	0.0		2020-03-19 12:40:00
427	Harzklinikum Dorothea Christiane Erxleben QUEDLINBURG	Intensivstation (03) Website	ST	1.0	1.0		2020-03-24 14:54:00
428	Asklepios Klinikum Uckermark	24 Website	BB	0.5	0.5		2020-03-23 10:08:00
429	Paracelsus Klinik Henstedt-Ulzburg	interdisziplinäre Intensivstation Website	SH	1.0	1.0		2020-03-21 13:41:00
430	Verbundkrankenhaus Bernkastel/Wittlich	Intensivstation Website	RP	1.0	1.0		2020-03-24 16:23:00
431	Krankenhaus Wittmund gGmbH	Intensivstation Website	NI	1.0	1.0	0.0	2020-03-24 08:24:00
432	DRK Kliniken Berlin Köpenick	ITS Website	BE	1.0	1.0		2020-03-24 15:44:00
433	St. Sixtus-Hospital	Intensivstation Website	NRW	1.0	1.0		2020-03-20 16:44:00
434	Schwarzwald-Baar-Klinikum	Station 11 Website	BW	1.0	1.0		2020-03-24 08:16:00
435	Kreisklinik St. Elisabeth	Intensivstation Website	BY	1.0	1.0		2020-03-24 15:47:00
436	Asklepios Kliniken Schildautal Seesen	Station 41 Website	NI	0.5	0.5		2020-03-24 09:20:00
437	Diakoneo Klinik Schwabach	Interdisziplinäre Intensivstation Website	BY	1.0	1.0		2020-03-24 13:03:00
438	Krankenhäuser Landkreis Freudenstadt	Interdisziplinäre Intensivstation Website	BW	1.0	1.0		2020-03-23 17:09:00
439	Diakoniekrankenhaus Halle gGmbH	ITS Website	ST	0.5	1.0		2020-03-24 10:58:00
440	Siloah St. Trudpert Klinikum	Intensivstation Website	BW	1.0	1.0	0.0	2020-03-24 15:14:00
441	St. Bernhard-Hospital Kamp-Lintfort GmbH	Intensivstation Website	NRW	1.0	1.0		2020-03-24 09:26:00
442	Krankenhaus Spremberg	IMC Website	BB	1.0	1.0		2020-03-24 09:50:00
443	Herz-Kreislauf-Zentrum Klinikum Hersfeld-Rotenburg GmbH	C-ITS Website	HE	0.0	1.0	0.5	2020-03-19 09:33:00
444	Klinikum Dritter Orden München	Website	BY	0.0	0.5		2020-03-23 14:35:00
445	Wertachklinik Schwabmünchen	ITS / IMC Website	BY	1.0	1.0		2020-03-24 12:03:00
446	Asklepios Schloßbergklinik Bad König	Website	HE	0.0	1.0	0.0	2020-03-19 09:22:00
447	DRK Krankenhaus Teterow	ITS Website	MV	0.0	0.5	0.0	2020-03-24 08:31:00
448	Krankenhaus Eichhof	Intensivstation Website	HE	1.0	1.0	0.0	2020-03-24 12:20:00
449	Florence-Nightingale-Krankenhaus Kinderklinik	Kinderintensivstation Website	NRW	1.0	0.5		2020-03-24 09:54:00
450	Krankenhaus Bethanien für die Grafschaft Moers	Interdisziplinäre Intensivstation Website	NRW	1.0	1.0		2020-03-24 10:00:00
451	Marienkrankenhaus Soest, Widumgasse 5, 59494 Soest	ITS Website	NRW	1.0	1.0		2020-03-24 09:44:00
452	DRK Krankenhaus Rabenstein	Intensivstation	SN	1.0	1.0	0.0	2020-03-19 09:38:00
453	Malteser Krankenhaus St. Josefshospital Uerdingen, 47829 Krefeld, Kurfürstenstr. 69	Intensiv Website	NRW	1.0	1.0		2020-03-24 10:01:00
454	Asklepios Klinik Lich	2C Website	HE	1.0	1.0		2020-03-24 06:56:00
455	Sana Krankenhaus Templin	ITS Website	BB	0.5	0.0		2020-03-24 09:38:00
456	Städtisches Krankenhaus Pirmasens	Intensivstation Website	RP	1.0	1.0		2020-03-24 08:13:00
457	Klinik Augustinum	Intensivstation 7 Website	BY	1.0	1.0		2020-03-24 08:17:00
458	Sana Krankenhaus Gerresheim	ITS Website	NRW	0.5	1.0		2020-03-24 16:11:00
459	Stiftungsklinikum Proselis Standort St. Elisabeth Hospital Herten	interdiszipl. Intensivstation Website	NRW	1.0	1.0		2020-03-24 16:44:00
460	Sanaklinik Biberach	Intensivstation Website	BW	0.5	1.0		2020-03-23 13:26:00
461	Evangelisches Krankenhaus Kalk in Köln (EVKK)	Website	NRW	1.0	1.0		2020-03-24 10:55:00
462	Agaplesion ev. Klinikum Schaumburg	W 11 + W 13 Website	NI	0.5	0.5		2020-03-20 09:45:00
463	Ostalbklinikum Aalen	25 Website	BW	1.0	1.0		2020-03-19 08:36:00
464	KMG Klinikum Luckenwalde	ITS Website	BB	0.5	1.0		2020-03-24 19:53:00
465	Lungenclinic Großhansdorf	Intensivstation (Station 1) Website	SH	0.0	0.5		2020-03-24 08:33:00
466	EvK Herne, Bst. Eickel, Thoraxzentrum Ruhrgebiet	Intensivstation Website	NRW	1.0	1.0		2020-03-24 16:39:00
467	Sana-Krankenhaus Rügen GmbH	Interdisziplinäre Intensivstation Website	MV	0.0	1.0		2020-03-24 08:59:00
468	St. Marien-Krankenhaus Berlin	Interdisziplinäre Intensivstation Website	BE	1.0	0.5		2020-03-24 09:33:00
469	Klinikzentrum Westerstede	Operative Intensivstation Website	NI	0.0	1.0		2020-03-23 19:23:00
470	Asklepios Nordseeklinik Westerland/ Sylt	Intensiv Website	SH	1.0	1.0	0.0	2020-03-19 07:51:00
471	RKU - Universitäts- und Rehabilitationskliniken Ulm gGmbH	Intensivstation Website	BW	0.5	1.0		2020-03-24 14:40:00
472	BG - Unfallklinik Murnau	Interdisziplinäre Intensivmedizin Website	BY	1.0	1.0	1.0	2020-03-22 11:35:00
473	DRK Krankenhaus Lichtenstein Gemeinnützige GmbH	ITS Website	SN	0.5	0.5		2020-03-24 15:35:00
474	Asklepios Klinik Bad Oldesloe	B2 Website	SH	0.5	0.5		2020-03-23 12:03:00
475	GKH Herdecke gGmbH	4E Website	NRW	1.0	1.0	0.0	2020-03-19 15:59:00
476	Schwarzwald-Baar Klinikum	Intensiv 12-15, DS24 Website	BW	1.0	1.0	1.0	2020-03-19 19:36:00
477	St. Josefs-Hospital Wiesbaden	Station 31/32 Website	HE	1.0	1.0	0.5	2020-03-24 15:38:00
478	Helios Klinik Herzberg und Osterode	Intensivstation Website	NI	1.0	1.0		2020-03-23 18:15:00
479	Sana Herzchirurgie Stuttgart	Intensivstation Website	BW	1.0	1.0	1.0	2020-03-24 12:06:00
480	Rotkreuzklinik Lindenberg gGmbH	Interdisziplinäre Intensivstation Website	BY	1.0	1.0		2020-03-24 09:40:00
481	Zentrum für Intensiv- und Notfallmedizin, Klinikum Saarbrücken	ZIN 10, ZIN 43, COBAZ 1 Website	SL	1.0	1.0	1.0	2020-03-24 21:27:00
482	Universitätsmedizin Rostock - Internistische Intensivstation	Internistische Intensivstation Website	MV	1.0	1.0	1.0	2020-03-24 15:51:00
483	Kreiskrankenhaus Schrobenhausen GmbH	Interdisziplinäre Intensivstation (S2) Website	BY	1.0	0.5		2020-03-24 11:18:00
484	Klinikum-Bremen-Ost	Interdisziplinäre Intensivstation Website	HB	0.5	0.5		2020-03-23 15:13:00
485	Klinikum Merzig	Intensivstation Website	SL	1.0	1.0	0.0	2020-03-24 10:39:00
486	Kreiskrankenhaus Weilburg	Interdisziplinäre Intensivstation Website	HE	1.0	1.0		2020-03-24 16:35:00
487	Katholisches Klinikum Koblenz-Montabaur	3 Interdiziplinäre Intensivstation Website	RP	1.0	1.0	1.0	2020-03-24 08:16:00
488	Landkreis Mittweida Krankenhaus gGmbH	Interdisziplinäre Intensivstation Website	SN	1.0	1.0		2020-03-24 10:03:00
489	Zeisigwaldkliniken Bethanien Chemnitz im Verbund der Agaplesion	Interdisziplinäre ITS/ IMC Website	SN	1.0	1.0		2020-03-20 10:56:00
490	Kreiskliniken Günzburg-Krumbach, Klinik Krumbach	Station 8 (ITS) Website	BY	0.0	1.0		2020-03-22 11:54:00
491	Klinikum Esslingen	i53 und i12 Website	BW	0.5	1.0	1.0	2020-03-20 21:46:00
492	Bundeswehrkrankenhaus Hamburg	1.1, 1.2	HH	1.0	1.0	0.5	2020-03-18 20:11:00
493	DRK Kliniken Nordhessen	INT und CoViD-INT Website	HE	0.5	1.0		2020-03-24 09:56:00
494	Kreiskrankenhaus Freiberg gGmbH	Station 16 Website	SN	1.0	1.0		2020-03-24 14:41:00
495	St. Josef Krankenhaus GmbH Moers	Interdisziplinäre Intensivstation Website	NRW	0.0	1.0		2020-03-24 09:53:00
496	DRK-Krankenhaus Biedenkopf	Intensivstation	HE	0.0	0.5		2020-03-18 18:33:00
497	Asklepios Harzkliniken Goslar	Interdisziplinäre Intensivstation 33 Website	NI	1.0	0.5		2020-03-24 08:16:00
498	Agaplesion Diakonieklinikum Rotenburg	17 Website	NI	1.0	0.5		2020-03-18 18:17:00
499	Krankenhaus St.Joseph-Stift Bremen	Interdisziplinäre Intensivmedizin Website	HB	1.0	1.0		2020-03-24 19:21:00
500	Klinik für Anästhesiologie m. S. operative Intensivmedizin, Charité Campus Benjamin Franklin	44i Website	BE	1.0	1.0	1.0	2020-03-20 11:09:00
501	Hessenklinik Stadtkrankenhaus Korbach gGmbH	14 Website	HE	1.0	1.0		2020-03-18 17:27:00
502	Marienhospital Stuttgart; Vinzenz von Paul Kliniken GmbH	Internistische Intensivstation M2ib Website	BW	0.5	1.0		2020-03-19 14:00:00
503	Albertinen-Krankenhaus	C2 Website	HH	1.0	1.0	1.0	2020-03-24 11:05:00
504	HGH Bensheim	Intensivstation Website	HE	1.0	1.0		2020-03-22 14:53:00
505	St. Josefs- Hospital Rheingau	Intensivstation Website	HE	1.0	1.0		2020-03-23 11:51:00
506	Asklepios Klinik Burglengenfeld	ITS Website	BY	1.0	1.0	0.5	2020-03-24 19:04:00
507	Sana Kliniken Lübeck	Intensivstation Website	SH	1.0	1.0		2020-03-24 11:44:00
508	St-Johannes-Hospital Dortmund	MIV/IPE/OIS/G1 Website	NRW	0.5	1.0	1.0	2020-03-24 09:39:00
509	Elbeklinikum Stade	INTENSIVSTATION Website	NI	1.0	1.0		2020-03-23 17:56:00
510	Klinikum Stuttgart	Website	BW	0.5	1.0	0.5	2020-03-24 20:11:00
511	Johanniter GmbH - Ev. Krankenhaus Bethesda Mönchengladbach	Website	NRW	1.0	1.0		2020-03-24 16:22:00
512	Universitätsklinikum Freiburg	Website	BW	1.0	1.0	1.0	2020-03-23 17:17:00
513	Fachkrankenhaus Coswig GmbH	D-1 Website	SN	1.0	1.0	1.0	2020-03-24 09:39:00
514	Klinikum Oldenburg AöR	Operative Intensivmedizin  Website	NI	1.0	1.0	1.0	2020-03-24 16:09:00
515	Universitätsklinikum Gießen und Marburg, Standort Gießen	Website	HE	1.0	1.0	1.0	2020-03-24 21:17:00
516	Wertachklinik Bobingen	Intensiv Website	BY	0.0	1.0		2020-03-24 09:38:00
517	Malteser Krankenhaus Kamenz	Intensivstation	SN	1.0	1.0		2020-03-19 12:51:00
518	Universitätsklinikum Halle (Saale)	I1 Innere Medizin Intensiv Website	ST	1.0	1.0	1.0	2020-03-23 18:17:00
519	Klinik Neuendettelsau	Intensivstation Website	BY	1.0	1.0		2020-03-18 15:08:00
520	Marienhospital Stuttgart	Operative Intensivstation M2ia Website	BW	1.0	1.0		2020-03-24 09:55:00
521	Helios Klinikum Berlin-Buch	C1-11 Website	BE	1.0	1.0	1.0	2020-03-24 12:01:00
522	Krankenhaus Mecklenburg Strelitz	ITS Website	MV	1.0	1.0	0.0	2020-03-19 13:40:00
523	Klinikum Idar-Oberstein	St. 22 und St. 16 Website	RP	1.0	1.0		2020-03-24 09:13:00
524	Neonatologie Klinikum Altenburger Land	01 Website	TH	1.0	0.5		2020-03-22 10:21:00
525	Asklepios Lungenfachklinik München-Gauting	Intensivstation Website	BY	1.0	1.0		2020-03-24 10:24:00
526	Vivantes Klinikum Neukölln	ITS 1 Website	BE	1.0	1.0	0.0	2020-03-18 14:36:00
527	Ev. Krankenhaus Oberhausen	Intensiv A + B Website	NRW	1.0	1.0		2020-03-24 08:47:00
528	Klinikum Bayreuth GmbH	Operative Intensivstation 18 Website	BY	1.0	1.0	1.0	2020-03-20 20:45:00
529	Klinikum Oberlausitzer Bergland gGmbH	ITS Website	SN	1.0	1.0	0.0	2020-03-24 13:56:00
530	Asklepios Klinik Langen	Interdisziplinäre Intensivmedizin Website	HE	1.0	1.0	1.0	2020-03-24 09:53:00
531	Sana Krankenhaus Radevormwald	ITS Website	NRW	0.0	0.0		2020-03-23 15:27:00
532	Hegau-Bodensee-Klinikum (HBK) - Standort Singen	Intensivstationen Website	BW	1.0	1.0		2020-03-24 11:00:00
533	Klinikum Dortmund gGmbH, KLZ Nord, Station ND1	ND1 Website	NRW	0.0	0.0	0.0	2020-03-18 13:35:00
534	Ruppiner Kliniken	X2 Website	BB	0.5	1.0		2020-03-24 17:01:00
535	Kliniken HochFranken	Münchberg Station 1A Naila Station O2 Website	BY	0.5	1.0		2020-03-24 09:42:00
536	Klinikum Dortmund gGmbH	Intensivstation Erwachsene Website	NRW	1.0	1.0	1.0	2020-03-24 09:40:00
537	Kliniken Dritter Orden - Standort Kinderklinik Passau	PICU Website	BY	1.0	1.0		2020-03-22 21:19:00
538	Sankt Marien Krankenhaus Ratingen	Intensivstation Website	NRW	1.0	1.0		2020-03-23 11:47:00
539	Bethesda Krankenhaus Bergedorf	Intensivstation Website	HH	1.0	1.0		2020-03-24 13:50:00
540	Lungenklinik Hemer	Website	NRW	1.0	1.0	0.5	2020-03-19 08:15:00
541	Gemeinschaftskrankenhaus Havelhöhe	1/2 Website	BE	1.0	1.0	1.0	2020-03-24 16:24:00
542	AGAPLESION DIAKONIE KLINIKEN KASSEL gGmbH	Intensivstation Website	HE	1.0	1.0		2020-03-22 15:11:00
543	Asklepiosklinik Wandsbek, Hamburg	Interdisz. Intensivstation B1-West Website	HH	0.5	1.0		2020-03-24 08:35:00
544	Klinik Rotes Kreuz Frankfurt/ Main	Intensivstation Website	HE	1.0	1.0	0.0	2020-03-21 11:41:00
545	Klinikum Lichtenfels	ICU/ IMC Website	BY	0.5	0.5		2020-03-24 12:45:00
546	Ev. Waldkrankenhaus Spandau	14A, 14B Website	BE	1.0	1.0		2020-03-24 10:28:00
547	Krankenhaus Rummelsberg GmbH Schwarzenbruck b. Nürnberg - Sana AG	Intensivstation und Intermediate-Care Website	BY	1.0	1.0		2020-03-23 07:44:00
548	Helios Hanseklinikum Stralsund	Interdisziplinäre Intensivstation Website	MV	1.0	1.0	1.0	2020-03-24 11:20:00
549	Kliniken Beelitz GmbH / Fachkrankenhaus für Neurologische Frührehabilitation	Beatmungsstation FW Website	BB	0.0	0.0		2020-03-23 11:17:00
550	Klinikum Heidenheim	ZFI, Station C3 Website	BW	1.0	1.0		2020-03-24 09:45:00
551	SRH Zentralklinikum Suhl	S44 Intensiv Website	TH	1.0	1.0		2020-03-24 09:16:00
552	Helios Klinikum Gifhorn	1.4 (Intensiv)	NI	0.5	1.0	0.0	2020-03-18 10:45:00
553	Helios Klinikum Salzgitter	Intensiv- und Überwachungsstation Website	NI	1.0	1.0		2020-03-24 08:45:00
554	ELBLAND Reha- und Präventions-GmbH	Beatmungsstation 4a Website	SN	0.0	0.0		2020-03-23 11:16:00
555	Klinikum Ibbenbüren	operative Intensiv Website	NRW	1.0	0.0	1.0	2020-03-24 09:13:00
556	Evangelisches Diakoniekrankenhaus Freiburg	Interdisziplinäre Intensivstation Website	BW	1.0	1.0		2020-03-23 07:26:00
557	Diakonieklinikum Neunkirchen	interdisziplinäre Intensivstation	SL	0.5	0.5	0.0	2020-03-19 12:32:00
558	AGAPLESION Ev. Bathildiskrankenhaus	Interdisziplinäre Intensivstation Website	NI	1.0	1.0	0.0	2020-03-24 09:23:00
559	St. Anna Krankenhaus	Intensivstation Website	BY	0.0	0.5	0.0	2020-03-24 08:36:00
560	Sana Kliniken Duisburg	A13/A11 Website	NRW	0.5	1.0		2020-03-24 08:23:00
561	Kreiskrankenhaus Grünstadt	Intensivstation Website	RP	0.5	1.0		2020-03-24 08:24:00
562	Sanakrankenhaus Bad Doberan	Intensivtherapiestation Website	MV	0.5	1.0		2020-03-24 08:49:00
563	Katholisches Kinderkrankenhaus Wilhelmstift	S1 Website	HH	1.0	1.0		2020-03-24 09:52:00
564	DRK Kinderklinik	Intensiv 1 Website	NRW	0.5	0.5		2020-03-23 14:11:00
565	Immanuel Klinikum Bernau Herzzentrum Brandenburg	Intensivstation Website	BB	1.0	1.0	1.0	2020-03-24 13:35:00
566	St. Marienhospital Vechta gGmbH	Interdisziplinäre Intensivstation Website	NI	1.0	1.0	0.0	2020-03-17 18:41:00
567	St. Marienhospital Vechta gGmbH	Interdisziplinäre Intensivstation Website	NI	1.0	1.0		2020-03-23 12:53:00
568	Gesundheitszentrum Glantal	IMC Website	RP	1.0	0.0	0.0	2020-03-23 09:36:00
569	Prosper-Hospital Recklinghausen Proselis Stiftungsklinik	Intensiv Website	NRW	0.0	1.0	0.0	2020-03-19 20:54:00
570	Asklepios Fachkliniken Teupitz und Lübben	ITS-Teupitz und Weaning-Lübben Website	BB	0.5	1.0		2020-03-24 08:05:00
571	Martin Luther Krankenhaus, Berlin	Intensivstation Website	BE	1.0	1.0	1.0	2020-03-24 13:54:00
572	BG Klinik Tübingen	Website	BW	1.0	1.0		2020-03-24 10:17:00
573	GRN-Klinik Weinheim	Intensivstation Website	BW	1.0	1.0		2020-03-24 16:51:00
574	Klinikum rechts der Isar der TU München Klinik für Anästhesiologie und Intensivmedizin	Website	BY	1.0	1.0	1.0	2020-03-24 12:32:00
575	Lungenklinik Neustadt	ITS und Weaningstation Website	TH	1.0	1.0	0.5	2020-03-24 15:02:00
576	Pius-Hospital Oldenburg	Interdisziplinäre Intensivstation Website	NI	1.0	1.0		2020-03-23 07:39:00
577	St.-Antonius-Hospital gGmbH Eschweiler	Interdisziplinäre       Intensivstation Website	NRW	1.0	1.0		2020-03-23 13:15:00
578	Evangelisches Krankenhaus Oldenburg	Station 28 Website	NI	1.0	1.0	1.0	2020-03-24 13:12:00
579	BG Klinikum Unfallkrankenhaus Berlin gGmbH - UKB	Website	BE	1.0	1.0	1.0	2020-03-24 07:11:00
580	Kliniken Maria Hilf GmbH	Website	NRW	1.0	1.0	1.0	2020-03-24 21:35:00
581	Uniklinik Köln Internistische Intensivstation ECMO Zentrum	4b Website	NRW	1.0	0.5	1.0	2020-03-24 16:42:00
582	Caritas-Klinik Berlin-Pankow	Intensivstation  Website	BE	1.0	1.0		2020-03-24 10:46:00
583	Dr. Horst-Schmidt Kliniken Wiesbaden	Website	HE	1.0	1.0	1.0	2013-03-20 09:26:00
584	Zentralklinik Bad Berka GmbH		TH	1.0	1.0	1.0	2013-03-20 09:26:00
585	Universitätsmedizin Greifswald	Internistische ITS	MV	1.0	1.0	1.0	2013-03-20 09:26:00
586	Brandenburg: Elbe-Elster-Klinikum GmbH		BB	1.0	1.0	1.0	2013-03-20 09:26:00
587	Berufsgenossenschaftliches Universitätsklinikum Bergmannsheil Bochum	Intensivstationen Website	NRW	1.0	1.0	1.0	2020-03-24 16:48:00
588	Helios Klinikum Pforzheim	ITS Website	BW	1.0	1.0	1.0	2020-03-24 09:36:00
589	Universitätsklinikum des Saarlandes	M5-ICU	SL	1.0	1.0	1.0	2020-03-17 12:07:00
590	Universitätsklinikum Essen		NRW	1.0	1.0	1.0	2020-03-18 10:44:00
591	Universitätsklinikum Knappschaftskrankenhaus Bochum	Interdisziplinäre, operative Intensivstation Website	NRW	1.0	1.0	1.0	2020-03-24 08:14:00
592	Universitätsklinikum Ulm	IOI Website	BW	0.5	1.0	1.0	2020-03-24 13:02:00
593	Universitätsklinikum Regensburg	gesamtes Klinikum Website	BY	1.0	1.0	1.0	2020-03-24 18:15:00
594	Universitätsmedizin Mannheim	Gesamtkoordination Website	BW	0.5	0.5	1.0	2020-03-23 20:35:00
595	imland Klinik Rendsburg	Website	SH	1.0	1.0	1.0	2020-03-20 19:07:00
596	Helios Universitätsklinikum Wuppertal	Operative und konservative Intensiv Website	NRW	1.0	1.0	1.0	2020-03-24 10:24:00
597	Thoraxklinik des Universitätsklinikums Heidelberg	Intensivstation 1 Website	BW	1.0	1.0	1.0	2020-03-23 18:25:00
598	Universitätsklinikum Leipzig	Gesamtes Klinikum Website	SN	1.0	1.0	1.0	2020-03-19 15:00:00
599	ARDS und ECLS/ECMO-Zentrum Klinikum Kassel	ECMO-Zentrum (C73) Website	HE	1.0	1.0	1.0	2020-03-24 09:07:00
600	Klinikum Herford	Intensivstation 1 Website	NRW	1.0	1.0	1.0	2020-03-23 09:43:00
601	Asklepios Klinikum Hamburg-Harburg	Intensivstation 91 Website	HH	1.0	1.0	1.0	2020-03-21 15:33:00
602	Universitätsklinikum Schleswig-Holstein	Sektion Interdisziplinäre operative Intensivmedizin Website	SH	1.0	1.0	1.0	2020-03-16 12:36:00
603	Klinikum Bremen Mitte		HB	0.0	1.0	0.5	2020-03-20 07:53:00
604	Barmherzige Brüder München	Website	BY	1.0	1.0	1.0	2020-03-21 13:45:00
605	Klinikum Emden interdisziplinäre Intensivmedizin	Interdisziplinäre intensivmedizin Website	NI	1.0	1.0	1.0	2020-03-24 07:32:00
606	Universitätsklinikum Würzburg	COVID-ICU Stationen Website	BY	1.0	1.0	1.0	2020-03-23 21:46:00
607	Medizinische Hochschule Hannover		NI	1.0	1.0	1.0	2013-03-20 09:26:00
608	Uniklinik Düsseldorf	Intensivstation	NRW	1.0	1.0	1.0	2013-03-20 09:26:00
609	RKH Klinikum Ludwigsburg	Stationen des Zentrums für Intensivmedizin Website	BW	1.0	1.0	1.0	2020-03-24 11:27:00
610	Klinikverbund Allgäu - Klinik Immenstadt	Intensivstation Website	BY	1.0	1.0	1.0	2020-03-24 08:34:00
611	Augusta-Kliniken Bochum-Mitte	I-12 Website	NRW	1.0	1.0	1.0	2020-03-24 21:20:00
612	ARDS und ECMO Zentrum Köln-Merheim, Kliniken der Stadt Köln,		NRW	1.0	1.0	1.0	2020-03-18 21:44:00
613	Klinikum Frankfurt Höchst	Website	HE	1.0	1.0	1.0	2020-03-24 21:07:00
614	Universität München Campus Großhadern	Website	BY	0.5	1.0	1.0	2020-03-24 20:11:00
615	Marienhospital Osnabrück	Website	NI	1.0	1.0	1.0	2020-03-23 09:06:00
616	Universitätsmedizin Rostock	PIT 1+2 Website	MV	1.0	1.0	1.0	2020-03-20 13:32:00
617	Klinikum Dortmund	C12 Website	NRW	0.0	0.5	0.5	2020-03-18 06:07:00
618	Universitätsmedizin Göttingen	Website	NI	1.0	1.0	1.0	2020-03-24 09:18:00
619	Universitätsklinikum Münster	Website	NRW	1.0	1.0	1.0	2020-03-24 14:37:00
620	Universitätsklinikum Tübingen	Website	BW	1.0	1.0	1.0	2013-03-20 09:26:00
621	Universitätsklinik RWTH Aachen	OIM Website	NRW	0.5	0.5	0.5	2020-03-23 11:04:00
622	HELIOS Klinikum Erfurt	Website	TH	1.0	1.0	1.0	2020-03-20 21:04:00
623	Brüderkrankenhaus Trier	Intensivstation 1E Herzzentrum  Website	RP	0.5	0.5	1.0	2020-03-24 14:26:00
624	Universitätsklinikum Gießen / Marburg	Website	HE	1.0	1.0	1.0	2020-03-18 14:01:00
625	Universitätsklinikum Hamburg-Eppendorf	Website	HH	1.0	1.0	1.0	2020-03-24 08:42:00
626	Universitätsklinikum Dresden	ARDS/ECMO Zentrum Dresden (ANE-ITS) Website	SN	1.0	1.0	1.0	2020-03-24 14:25:00
627	Universitätsklinikum Erlangen	Koordination  Website	BY	1.0	1.0	1.0	2020-03-24 08:27:00
628	Universitätsklinikum Bonn	Operative Intensivmedizin Website	NRW	1.0	1.0	1.0	2020-03-22 15:55:00
629	Klinikum Nürnberg	Website	BY	1.0	1.0	1.0	2013-03-20 09:26:00
630	Helios Klinikum Bad Saarow	ITS 1, ITS 2, ITS 3 Website	BB	0.5	1.0	1.0	2020-03-24 07:15:00
631	Elisabeth-Krankenhaus Essen	kardiologisch- internistische Intensivstation Website	NRW	1.0	1.0	1.0	2020-03-24 15:31:00
632	Charité - Universitätsmedizin Berlin	8i/144i/43i Website	BE	1.0	1.0	1.0	2020-03-24 10:21:00
